effective_date,index_type,inclusions,exclusions,symbols
2018-08-08,Nifty500,BDL,TECHNO,"3MINDIA,852IIFL29,8KMILES,AARTIIND,ABANOFFSH,ABB,ABBOTINDIA,ABCAPITAL,ABREL,ACC,ADANIENSOL,ADANIPOWER,ADVENZYMES,AEGISLOG,AGCNETWO,AIAENG,AKZOINDIA,ALKEM,ALLCARGO,ALTOS,AMBALAL,AMBUJACEM,APLAPOLLO,APOLLOHOSP,APOLLOTYRE,APPAPER,APPLE,ASAHIINDIA,ASHOKLEY,ASIANPAINT,ASTERDM,ATUL,ATULAUTO,AUBANK,AVANTIFEED,AVERY,AXISBANK,BAJAJ,BAJAJ-AUTO,BAJAJHIND,BAJAJHLDNG,BAJFINANCE,BALMLAWRIE,BALRAMCHIN,BANKBARODA,BASF,BATAINDIA,BBTC,BDL,BEL,BEML,BERGEPAINT,BGRENERGY,BHARATFORG,BHARTIARTL,BHEL,BHUSHANSTL,BI,BIOCON,BIRLACORPN,BLISSGVS,BLOWPLAST,BLUEDART,BLUESTARCO,BOMDYEING,BOSCH-HCIL,BOSCHLTD,BPCL,BRFL,BRIGADE,BRITANNIA,BSE,BSOFT,CABLE,CANBK,CANFINHOME,CAPLIN,CASTROLIND,CCL,CDSL,CEATLTD,CENTRALBK,CENTURYTEX,CERA,CGPOWER,CHAMBLFERT,CHEMINOR,CHEMPLASTS,CHENNPETRO,CHETTINAD,CHOLAFIN,CHOLAHLDNG,CIPLA,CMC,COALINDIA,COCHINSHIP,COFFEEDAY,COFORGE,COLPAL,CONCOR,CONSOFINVT,COROMANDEL,CRISIL,CROMPTON,CUB,CUMMINSIND,CYBERTECH,DABUR,DBCORP,DBL,DCAL,DCLPOLYE,DCW,DEEPAKFERT,DHAMPURSUG,DHFL,DICIND,DIGJAMLMTD,DISHTV,DLF,DMART,DRREDDY,DSQSOFTW,ECLERX,EICHERMOT,EIDPARRY,EIHOTEL,ELECON,ELECTREX,ELGIRUBCO,ENDURANCE,ENERGY,ENGINERSIN,ERIS,ESCORTS,ESSAR,EXCELINDUS,EXIDEIND,FACT,FAGBEARI,FEDERALBNK,FINCABLES,FLFL,FLUOROCHEM,FOSECOIND,FULFORD,GAEL,GAIL,GANESHBE,GARDEN,GESHIP,GHCL,GICRE,GILLETTE,GKNDRIVE,GLAXO,GLENMARK,GLFL,GMDCLTD,GNFC,GODFRYPHLP,GODREJAGRO,GODREJCP,GODREJIND,GOKEX,GOODRICKE,GOODYEAR,GPPL,GRANULES,GRAPHITE,GRASIM,GREAVESCOT,GRUH,GSFC,GSKCONS,GSPL,GUJALKALI,GUJGASLTD,GVT&D,HARRMALAYA,HATSUN,HAVELLS,HCC,HCL-INSYS,HCLTECH,HDFC,HDFCBANK,HEALTHCARE,HEG,HEIDELBERG,HERBERTS,HERITGFOOD,HEROMOTOCO,HEXT,HIMACHAL,HIMATSEIDE,HINDALCO,HINDCOPPER,HINDPETRO,HINDSYNTEX,HINDUJA,HINDUNILVR,HINDUSTAN,HINDZINC,HOGANAS,HONAUT,HSCL,HUBTOWN,IBREALEST,IBULLSLTD,IBVENTURES,ICICIBANK,ICICIGI,ICICIPRULI,ICIL,IDBI,IDFCFIRSTB,IFBIND,IFCI,IGL,IL&FSTRANS,INDHOTEL,INDIACEM,INDIAGLYCO,INDIANB,INDIGO,INDOCO,INDUSINDBK,INDUSTOWER,INFIBEAM,INFY,INOXWIND,INSILCO,INTELLECT,IOB,IOC,IONEXCHANG,IPCALAB,IPRINGS,ISMT,ITC,ITDC,ITDCEMEN,ITI,ITIETF,ITWSIGNO,JAGRAN,JAICORPLTD,JBCHEPHARM,JBMA,JETAIRWAYS,JGCHEM,JINDALPHOT,JINDALPOLY,JINDALSAW,JINDALSTEL,JISLJALEQS,JKCEMENT,JKTYRE,JPASSOCIAT,JPPOWER,JSL,JUBLFOOD,JUBLINGRY,KAJARIACER,KANSAINER,KARURVYSYA,KARUTURI,KINETIC,KIOCL,KMSUGAR,KNRCON,KOHINOOR,KOTAKBANK,KPEL,KRBL,KRISHNA,KTKBANK,KUMARS,LAKSHMI,LALPATHLAB,LAURUSLABS,LICHSGFIN,LT,LTF,LTTS,LUPIN,M& M,MADURA,MAFATIND,MAHABANK,MALWA,MANPASAND,MARICO,MARUTI,MASFIN,MASTEK,MATRIX,MAXIND,MCDOWELL,MCLEODRUSS,MERCK,MERIND,MFSL,MGL,MIRZAINT,MODIXEROX,MOREPENLAB,MOTHERSON,MOTHERSUMI,MPHASIS,MRF,MRPL,MTNL,NAGARFERT,NAHAR,NAHARPOLY,NAHARSPING,NATCOPHARM,NATIONAL,NATIONALUM,NAVA,NAVINFLUOR,NCC,NESCO,NESTLEIND,NETWORK18,NFL,NH,NILKAMAL,NIRMA,NITCO,NLCINDIA,NMDC,NTPC,OBC,OFSS,OILCOUNTUB,OLECTRA,OMAXAUTO,OMAXE,ONELIFECAP,ONGC,ONIDA,ORIENTCEM,PARAGMILK,PATANJALI,PATNI,PATSPIN,PCBL,PCJEWELLER,PDMJEPAPER,PEL,PENTAFOUR,PENTAMEDIA,PERSISTENT,PETRONET,PFIZER,PGHL,PHIL,PHILIPS,PHOENIX,PIDILITIND,PNB,POONAWALLA,PRAJIND,PREMIERENE,PRESTIGE,PSIDATA,PTC,PUNJABCHEM,PUNJTRACT,QUESS,RAASI,RAIN,RAJESHEXPO,RALLIS,RAMCOCEM,RAMCOSYS,RAYMOND,RBLBANK,RCF,RCOM,RECKITT,RECLTD,RECRON,REIAGRO,RELAXO,RELCAPITAL,RELIANCE,RELIGARE,RELINFRA,RELMEDIA,RKFORGE,RPGTRANS,RPOWER,RSWM,RTNPOWER,RUPA,SADBHAV,SAIL,SANGHI,SANOFI,SAREGAMA,SBILIFE,SCHAEFFLER,SCHENECT,SCI,SCILAL,SDREAMS,SESASTERL,SESHAPAPER,SFL,SHANKARA,SHAWWALLA,SHK,SHOPERSTOP,SHREECEM,SHRIRAMFIN,SHYAMTEL,SIEMENS,SIL,SIS,SJVN,SKFINDIA,SKSMICRO,SMLISUZU,SOLARINDS,SONATSOFTW,SOUTHBANK,SPARC,SRF,STARCEMENT,STYROLUT,SUNCLAY,SUNDRMFAST,SUNPHARMA,SUPREMEIND,SUVEN,SYMPHONY,SYNGENE,TAKE,TAMIL,TATACHEM,TATACONSUM,TATAELXSI,TATAINVEST,TATAMETAL,TATAMOTORS,TATAPOWER,TATASPONGE,TATASTEEL,TCS,TECH,TEXRAIL,THERMAX,THIRU,THOMASCOOK,THYROCARE,TIINDIA,TIMETECHNO,TIMEX,TIMKEN,TITAN,TMCV,TODAYS,TORNTPHARM,TORNTPOWER,TRANSPEK,TRENT,TRIDENT,TTKPRESTIG,TVSSRICHAK,TVTODAY,UBL,UCALFUEL,UFLEX,UJJIVAN,ULTRACEMCO,UNICHEMLAB,UNIONBANK,UNOMINDA,URBANCO,VARUN,VBL,VHL,VISHAL,VOLTAS,VTL,WELENT,WIDIA,WIMCO,WINDMACH,WINSOME,WIPRO,WOCKPHARMA,WSI,WSTCSTPAPR,ZANDU,ZEELEARN"
2018-09-28,Nifty500,"PCBL,LUXIND,LINDEINDIA,LEMONTREE,HAL,GALAXYSURF,GRINDWELL,GAYAPROJ,FDC,EXCEL,HDFCLIFE,M&M,NAM-INDIA,ELGIEQUIP,SHILPAMED,STAR,SUNDARMFIN,TEAMLEASE,NIACL,VENKEYS,VMART,ZENSARTECH,ZYDUSWELL,MONSANTO,DHANBANK,ICICI","TECH,ZEELEARN,ASAHIINDIA,BAJAJHIND,WSI,BFUTILITIE,BGRENERGY,BHUSHANSTL,BRFL,DBREALTY,TI,HDIL,WSI,ABANOFFSH,WSI,KITEX,KPITTECH,KPL,MTNL,MARKSANS,RAMCOSYS,RTNPOWER,RELIGARE,SFL,SMLISUZU,JINDALPOLY","3MINDIA,852IIFL29,8KMILES,AARTIIND,ABB,ABBOTINDIA,ABCAPITAL,ABREL,ACC,ADANIENSOL,ADANIPOWER,ADVENZYMES,AEGISLOG,AGCNETWO,AIAENG,AKZOINDIA,ALKEM,ALLCARGO,ALTOS,AMBALAL,AMBUJACEM,APLAPOLLO,APOLLOHOSP,APOLLOTYRE,APPAPER,APPLE,ASHOKLEY,ASIANPAINT,ASTERDM,ATUL,ATULAUTO,AUBANK,AVANTIFEED,AVERY,AXISBANK,BAJAJ,BAJAJ-AUTO,BAJAJHLDNG,BAJFINANCE,BALMLAWRIE,BALRAMCHIN,BANKBARODA,BASF,BATAINDIA,BBTC,BDL,BEL,BEML,BERGEPAINT,BHARATFORG,BHARTIARTL,BHEL,BI,BIOCON,BIRLACORPN,BLISSGVS,BLUEDART,BLUESTARCO,BOMDYEING,BOSCH-HCIL,BOSCHLTD,BPCL,BRIGADE,BRITANNIA,BSE,BSOFT,CABLE,CANBK,CANFINHOME,CAPLIN,CASTROLIND,CCL,CDSL,CEATLTD,CENTRALBK,CENTURYTEX,CERA,CGPOWER,CHAMBLFERT,CHEMINOR,CHEMPLASTS,CHENNPETRO,CHETTINAD,CHOLAFIN,CHOLAHLDNG,CIPLA,CMC,COALINDIA,COCHINSHIP,COFFEEDAY,COFORGE,COLPAL,CONCOR,CONSOFINVT,COROMANDEL,CRISIL,CROMPTON,CUB,CUMMINSIND,CYBERTECH,DABUR,DBCORP,DBL,DCAL,DCLPOLYE,DCW,DEEPAKFERT,DHAMPURSUG,DHANBANK,DHFL,DICIND,DIGJAMLMTD,DISHTV,DLF,DMART,DRREDDY,DSQSOFTW,ECLERX,EICHERMOT,EIDPARRY,EIHOTEL,ELECON,ELGIEQUIP,ELGIRUBCO,ENDURANCE,ENERGY,ENGINERSIN,ERIS,ESCORTS,ESSAR,EXCEL,EXCELINDUS,EXIDEIND,FACT,FAGBEARI,FDC,FEDERALBNK,FINCABLES,FLFL,FLUOROCHEM,FOSECOIND,FULFORD,GAEL,GAIL,GALAXYSURF,GANESHBE,GARDEN,GAYAPROJ,GESHIP,GHCL,GICRE,GILLETTE,GLAXO,GLENMARK,GLFL,GMDCLTD,GNFC,GODFRYPHLP,GODREJAGRO,GODREJCP,GODREJIND,GOKEX,GOODRICKE,GOODYEAR,GPPL,GRANULES,GRAPHITE,GRASIM,GREAVESCOT,GRINDWELL,GRUH,GSFC,GSKCONS,GSPL,GUJALKALI,GUJGASLTD,GVT&D,HAL,HARRMALAYA,HATSUN,HAVELLS,HCC,HCL-INSYS,HCLTECH,HDFC,HDFCBANK,HDFCLIFE,HEALTHCARE,HEG,HEIDELBERG,HERBERTS,HERITGFOOD,HEROMOTOCO,HEXT,HIMACHAL,HIMATSEIDE,HINDALCO,HINDCOPPER,HINDPETRO,HINDSYNTEX,HINDUJA,HINDUNILVR,HINDUSTAN,HINDZINC,HOGANAS,HONAUT,HSCL,HUBTOWN,IBREALEST,IBULLSLTD,IBVENTURES,ICICI,ICICIBANK,ICICIGI,ICICIPRULI,ICIL,IDBI,IDFCFIRSTB,IFBIND,IFCI,IGL,IL&FSTRANS,INDHOTEL,INDIACEM,INDIAGLYCO,INDIANB,INDIGO,INDOCO,INDUSINDBK,INDUSTOWER,INFIBEAM,INFY,INOXWIND,INSILCO,INTELLECT,IOB,IOC,IONEXCHANG,IPCALAB,IPRINGS,ISMT,ITC,ITDC,ITDCEMEN,ITI,ITIETF,ITWSIGNO,JAGRAN,JAICORPLTD,JBCHEPHARM,JBMA,JETAIRWAYS,JGCHEM,JINDALPHOT,JINDALSAW,JINDALSTEL,JISLJALEQS,JKCEMENT,JKTYRE,JPASSOCIAT,JPPOWER,JSL,JUBLFOOD,JUBLINGRY,KAJARIACER,KANSAINER,KARURVYSYA,KARUTURI,KINETIC,KIOCL,KMSUGAR,KNRCON,KOHINOOR,KOTAKBANK,KPEL,KRBL,KRISHNA,KTKBANK,KUMARS,LAKSHMI,LALPATHLAB,LAURUSLABS,LEMONTREE,LICHSGFIN,LINDEINDIA,LT,LTF,LTTS,LUPIN,LUXIND,M& M,M&M,MADURA,MAFATIND,MAHABANK,MALWA,MANPASAND,MARICO,MARUTI,MASFIN,MASTEK,MATRIX,MAXIND,MCDOWELL,MCLEODRUSS,MERCK,MERIND,MFSL,MGL,MODIXEROX,MONSANTO,MOREPENLAB,MOTHERSON,MOTHERSUMI,MPHASIS,MRF,MRPL,NAGARFERT,NAHAR,NAHARPOLY,NAHARSPING,NAM-INDIA,NATCOPHARM,NATIONAL,NATIONALUM,NAVA,NAVINFLUOR,NCC,NESCO,NESTLEIND,NETWORK18,NFL,NH,NIACL,NILKAMAL,NIRMA,NITCO,NLCINDIA,NMDC,NTPC,OBC,OFSS,OILCOUNTUB,OLECTRA,OMAXAUTO,OMAXE,ONELIFECAP,ONGC,ONIDA,ORIENTCEM,PARAGMILK,PATANJALI,PATNI,PATSPIN,PCBL,PCJEWELLER,PDMJEPAPER,PEL,PENTAFOUR,PENTAMEDIA,PERSISTENT,PETRONET,PFIZER,PGHL,PHIL,PHILIPS,PHOENIX,PIDILITIND,PNB,POONAWALLA,PRAJIND,PREMIERENE,PRESTIGE,PSIDATA,PTC,PUNJABCHEM,PUNJTRACT,QUESS,RAASI,RAIN,RAJESHEXPO,RALLIS,RAMCOCEM,RAYMOND,RBLBANK,RCF,RCOM,RECKITT,RECLTD,REIAGRO,RELAXO,RELCAPITAL,RELIANCE,RELINFRA,RELMEDIA,RKFORGE,RPGTRANS,RPOWER,RSWM,RUPA,SADBHAV,SAIL,SANGHI,SANOFI,SAREGAMA,SBILIFE,SCHAEFFLER,SCHENECT,SCI,SCILAL,SESASTERL,SESHAPAPER,SHANKARA,SHAWWALLA,SHILPAMED,SHK,SHOPERSTOP,SHREECEM,SHRIRAMFIN,SHYAMTEL,SIEMENS,SIL,SIS,SJVN,SKFINDIA,SKSMICRO,SOLARINDS,SONATSOFTW,SOUTHBANK,SPARC,SRF,STAR,STARCEMENT,STYROLUT,SUNCLAY,SUNDARMFIN,SUNDRMFAST,SUNPHARMA,SUPREMEIND,SUVEN,SYMPHONY,SYNGENE,TAKE,TAMIL,TATACHEM,TATACONSUM,TATAELXSI,TATAINVEST,TATAMETAL,TATAMOTORS,TATAPOWER,TATASTEEL,TCS,TEAMLEASE,TEXRAIL,THERMAX,THIRU,THOMASCOOK,THYROCARE,TIINDIA,TIMETECHNO,TIMEX,TIMKEN,TITAN,TMCV,TODAYS,TORNTPHARM,TORNTPOWER,TRANSPEK,TRENT,TRIDENT,TTKPRESTIG,TVSSRICHAK,TVTODAY,UBL,UCALFUEL,UFLEX,UJJIVAN,ULTRACEMCO,UNICHEMLAB,UNIONBANK,UNOMINDA,URBANCO,VARUN,VBL,VENKEYS,VHL,VISHAL,VMART,VOLTAS,VTL,WELENT,WIDIA,WIMCO,WINDMACH,WIPRO,WOCKPHARMA,WSTCSTPAPR,ZENSARTECH,ZYDUSWELL"
2018-12-28,Nifty500,"VARROC,SFL,RITES,KPEL,FORTIS","SIL,CENTURYTEX,CAPITAL,BHARATFIN,852IIFL29","3MINDIA,8KMILES,AARTIIND,ABB,ABBOTINDIA,ABCAPITAL,ABREL,ACC,ADANIENSOL,ADANIPOWER,ADVENZYMES,AEGISLOG,AGCNETWO,AIAENG,AKZOINDIA,ALKEM,ALLCARGO,ALTOS,AMBALAL,AMBUJACEM,APLAPOLLO,APOLLOHOSP,APOLLOTYRE,APPAPER,APPLE,ASHOKLEY,ASIANPAINT,ASTERDM,ATUL,ATULAUTO,AUBANK,AVANTIFEED,AVERY,AXISBANK,BAJAJ,BAJAJ-AUTO,BAJAJHLDNG,BAJFINANCE,BALMLAWRIE,BALRAMCHIN,BANKBARODA,BASF,BATAINDIA,BBTC,BDL,BEL,BEML,BERGEPAINT,BHARATFORG,BHARTIARTL,BHEL,BI,BIOCON,BIRLACORPN,BLISSGVS,BLUEDART,BLUESTARCO,BOMDYEING,BOSCH-HCIL,BOSCHLTD,BPCL,BRIGADE,BRITANNIA,BSE,BSOFT,CABLE,CANBK,CANFINHOME,CAPLIN,CASTROLIND,CCL,CDSL,CEATLTD,CENTRALBK,CERA,CGPOWER,CHAMBLFERT,CHEMINOR,CHEMPLASTS,CHENNPETRO,CHETTINAD,CHOLAFIN,CHOLAHLDNG,CIPLA,CMC,COALINDIA,COCHINSHIP,COFFEEDAY,COFORGE,COLPAL,CONCOR,CONSOFINVT,COROMANDEL,CRISIL,CROMPTON,CUB,CUMMINSIND,CYBERTECH,DABUR,DBCORP,DBL,DCAL,DCLPOLYE,DCW,DEEPAKFERT,DHAMPURSUG,DHANBANK,DHFL,DICIND,DIGJAMLMTD,DISHTV,DLF,DMART,DRREDDY,DSQSOFTW,ECLERX,EICHERMOT,EIDPARRY,EIHOTEL,ELECON,ELGIEQUIP,ELGIRUBCO,ENDURANCE,ENERGY,ENGINERSIN,ERIS,ESCORTS,ESSAR,EXCEL,EXCELINDUS,EXIDEIND,FACT,FAGBEARI,FDC,FEDERALBNK,FINCABLES,FLFL,FLUOROCHEM,FORTIS,FOSECOIND,FULFORD,GAEL,GAIL,GALAXYSURF,GANESHBE,GARDEN,GAYAPROJ,GESHIP,GHCL,GICRE,GILLETTE,GLAXO,GLENMARK,GLFL,GMDCLTD,GNFC,GODFRYPHLP,GODREJAGRO,GODREJCP,GODREJIND,GOKEX,GOODRICKE,GOODYEAR,GPPL,GRANULES,GRAPHITE,GRASIM,GREAVESCOT,GRINDWELL,GRUH,GSFC,GSKCONS,GSPL,GUJALKALI,GUJGASLTD,GVT&D,HAL,HARRMALAYA,HATSUN,HAVELLS,HCC,HCL-INSYS,HCLTECH,HDFC,HDFCBANK,HDFCLIFE,HEALTHCARE,HEG,HEIDELBERG,HERBERTS,HERITGFOOD,HEROMOTOCO,HEXT,HIMACHAL,HIMATSEIDE,HINDALCO,HINDCOPPER,HINDPETRO,HINDSYNTEX,HINDUNILVR,HINDUSTAN,HINDZINC,HOGANAS,HONAUT,HSCL,HUBTOWN,IBREALEST,IBULLSLTD,IBVENTURES,ICICI,ICICIBANK,ICICIGI,ICICIPRULI,ICIL,IDBI,IDFCFIRSTB,IFBIND,IFCI,IGL,IL&FSTRANS,INDHOTEL,INDIACEM,INDIAGLYCO,INDIANB,INDIGO,INDOCO,INDUSINDBK,INDUSTOWER,INFIBEAM,INFY,INOXWIND,INSILCO,INTELLECT,IOB,IOC,IONEXCHANG,IPCALAB,IPRINGS,ISMT,ITC,ITDC,ITDCEMEN,ITI,ITIETF,ITWSIGNO,JAGRAN,JAICORPLTD,JBCHEPHARM,JBMA,JETAIRWAYS,JGCHEM,JINDALPHOT,JINDALSAW,JINDALSTEL,JISLJALEQS,JKCEMENT,JKTYRE,JPASSOCIAT,JPPOWER,JSL,JUBLFOOD,JUBLINGRY,KAJARIACER,KANSAINER,KARURVYSYA,KARUTURI,KINETIC,KIOCL,KMSUGAR,KNRCON,KOHINOOR,KOTAKBANK,KPEL,KRBL,KRISHNA,KTKBANK,KUMARS,LAKSHMI,LALPATHLAB,LAURUSLABS,LEMONTREE,LICHSGFIN,LINDEINDIA,LT,LTF,LTTS,LUPIN,LUXIND,M& M,M&M,MADURA,MAFATIND,MAHABANK,MALWA,MANPASAND,MARICO,MARUTI,MASFIN,MASTEK,MATRIX,MAXIND,MCDOWELL,MCLEODRUSS,MERCK,MERIND,MFSL,MGL,MODIXEROX,MONSANTO,MOREPENLAB,MOTHERSON,MOTHERSUMI,MPHASIS,MRF,MRPL,NAGARFERT,NAHAR,NAHARPOLY,NAHARSPING,NAM-INDIA,NATCOPHARM,NATIONAL,NATIONALUM,NAVA,NAVINFLUOR,NCC,NESCO,NESTLEIND,NETWORK18,NFL,NH,NIACL,NILKAMAL,NIRMA,NITCO,NLCINDIA,NMDC,NTPC,OBC,OFSS,OILCOUNTUB,OLECTRA,OMAXAUTO,OMAXE,ONELIFECAP,ONGC,ONIDA,ORIENTCEM,PARAGMILK,PATANJALI,PATNI,PATSPIN,PCBL,PCJEWELLER,PDMJEPAPER,PEL,PENTAFOUR,PENTAMEDIA,PERSISTENT,PETRONET,PFIZER,PGHL,PHIL,PHILIPS,PHOENIX,PIDILITIND,PNB,POONAWALLA,PRAJIND,PREMIERENE,PRESTIGE,PSIDATA,PTC,PUNJABCHEM,PUNJTRACT,QUESS,RAASI,RAIN,RAJESHEXPO,RALLIS,RAMCOCEM,RAYMOND,RBLBANK,RCF,RCOM,RECKITT,RECLTD,REIAGRO,RELAXO,RELCAPITAL,RELIANCE,RELINFRA,RELMEDIA,RITES,RKFORGE,RPGTRANS,RPOWER,RSWM,RUPA,SADBHAV,SAIL,SANGHI,SANOFI,SAREGAMA,SBILIFE,SCHAEFFLER,SCHENECT,SCI,SCILAL,SESASTERL,SESHAPAPER,SFL,SHANKARA,SHAWWALLA,SHILPAMED,SHK,SHOPERSTOP,SHREECEM,SHRIRAMFIN,SHYAMTEL,SIEMENS,SIS,SJVN,SKFINDIA,SKSMICRO,SOLARINDS,SONATSOFTW,SOUTHBANK,SPARC,SRF,STAR,STARCEMENT,STYROLUT,SUNCLAY,SUNDARMFIN,SUNDRMFAST,SUNPHARMA,SUPREMEIND,SUVEN,SYMPHONY,SYNGENE,TAKE,TAMIL,TATACHEM,TATACONSUM,TATAELXSI,TATAINVEST,TATAMETAL,TATAMOTORS,TATAPOWER,TATASTEEL,TCS,TEAMLEASE,TEXRAIL,THERMAX,THIRU,THOMASCOOK,THYROCARE,TIINDIA,TIMETECHNO,TIMEX,TIMKEN,TITAN,TMCV,TODAYS,TORNTPHARM,TORNTPOWER,TRANSPEK,TRENT,TRIDENT,TTKPRESTIG,TVSSRICHAK,TVTODAY,UBL,UCALFUEL,UFLEX,UJJIVAN,ULTRACEMCO,UNICHEMLAB,UNIONBANK,UNOMINDA,URBANCO,VARROC,VARUN,VBL,VENKEYS,VHL,VISHAL,VMART,VOLTAS,VTL,WELENT,WIDIA,WIMCO,WINDMACH,WIPRO,WOCKPHARMA,WSTCSTPAPR,ZENSARTECH,ZYDUSWELL"
2019-01-28,Nifty500,"DHANBANK,CREDITACC","J&KBANK,VIJAYA","3MINDIA,8KMILES,AARTIIND,ABB,ABBOTINDIA,ABCAPITAL,ABREL,ACC,ADANIENSOL,ADANIPOWER,ADVENZYMES,AEGISLOG,AGCNETWO,AIAENG,AKZOINDIA,ALKEM,ALLCARGO,ALTOS,AMBALAL,AMBUJACEM,APLAPOLLO,APOLLOHOSP,APOLLOTYRE,APPAPER,APPLE,ASHOKLEY,ASIANPAINT,ASTERDM,ATUL,ATULAUTO,AUBANK,AVANTIFEED,AVERY,AXISBANK,BAJAJ,BAJAJ-AUTO,BAJAJHLDNG,BAJFINANCE,BALMLAWRIE,BALRAMCHIN,BANKBARODA,BASF,BATAINDIA,BBTC,BDL,BEL,BEML,BERGEPAINT,BHARATFORG,BHARTIARTL,BHEL,BI,BIOCON,BIRLACORPN,BLISSGVS,BLUEDART,BLUESTARCO,BOMDYEING,BOSCH-HCIL,BOSCHLTD,BPCL,BRIGADE,BRITANNIA,BSE,BSOFT,CABLE,CANBK,CANFINHOME,CAPLIN,CASTROLIND,CCL,CDSL,CEATLTD,CENTRALBK,CERA,CGPOWER,CHAMBLFERT,CHEMINOR,CHEMPLASTS,CHENNPETRO,CHETTINAD,CHOLAFIN,CHOLAHLDNG,CIPLA,CMC,COALINDIA,COCHINSHIP,COFFEEDAY,COFORGE,COLPAL,CONCOR,CONSOFINVT,COROMANDEL,CREDITACC,CRISIL,CROMPTON,CUB,CUMMINSIND,CYBERTECH,DABUR,DBCORP,DBL,DCAL,DCLPOLYE,DCW,DEEPAKFERT,DHAMPURSUG,DHANBANK,DHFL,DICIND,DIGJAMLMTD,DISHTV,DLF,DMART,DRREDDY,DSQSOFTW,ECLERX,EICHERMOT,EIDPARRY,EIHOTEL,ELECON,ELGIEQUIP,ELGIRUBCO,ENDURANCE,ENERGY,ENGINERSIN,ERIS,ESCORTS,ESSAR,EXCEL,EXCELINDUS,EXIDEIND,FACT,FAGBEARI,FDC,FEDERALBNK,FINCABLES,FLFL,FLUOROCHEM,FORTIS,FOSECOIND,FULFORD,GAEL,GAIL,GALAXYSURF,GANESHBE,GARDEN,GAYAPROJ,GESHIP,GHCL,GICRE,GILLETTE,GLAXO,GLENMARK,GLFL,GMDCLTD,GNFC,GODFRYPHLP,GODREJAGRO,GODREJCP,GODREJIND,GOKEX,GOODRICKE,GOODYEAR,GPPL,GRANULES,GRAPHITE,GRASIM,GREAVESCOT,GRINDWELL,GRUH,GSFC,GSKCONS,GSPL,GUJALKALI,GUJGASLTD,GVT&D,HAL,HARRMALAYA,HATSUN,HAVELLS,HCC,HCL-INSYS,HCLTECH,HDFC,HDFCBANK,HDFCLIFE,HEALTHCARE,HEG,HEIDELBERG,HERBERTS,HERITGFOOD,HEROMOTOCO,HEXT,HIMACHAL,HIMATSEIDE,HINDALCO,HINDCOPPER,HINDPETRO,HINDSYNTEX,HINDUNILVR,HINDUSTAN,HINDZINC,HOGANAS,HONAUT,HSCL,HUBTOWN,IBREALEST,IBULLSLTD,IBVENTURES,ICICI,ICICIBANK,ICICIGI,ICICIPRULI,ICIL,IDBI,IDFCFIRSTB,IFBIND,IFCI,IGL,IL&FSTRANS,INDHOTEL,INDIACEM,INDIAGLYCO,INDIANB,INDIGO,INDOCO,INDUSINDBK,INDUSTOWER,INFIBEAM,INFY,INOXWIND,INSILCO,INTELLECT,IOB,IOC,IONEXCHANG,IPCALAB,IPRINGS,ISMT,ITC,ITDC,ITDCEMEN,ITI,ITIETF,ITWSIGNO,JAGRAN,JAICORPLTD,JBCHEPHARM,JBMA,JETAIRWAYS,JGCHEM,JINDALPHOT,JINDALSAW,JINDALSTEL,JISLJALEQS,JKCEMENT,JKTYRE,JPASSOCIAT,JPPOWER,JSL,JUBLFOOD,JUBLINGRY,KAJARIACER,KANSAINER,KARURVYSYA,KARUTURI,KINETIC,KIOCL,KMSUGAR,KNRCON,KOHINOOR,KOTAKBANK,KPEL,KRBL,KRISHNA,KTKBANK,KUMARS,LAKSHMI,LALPATHLAB,LAURUSLABS,LEMONTREE,LICHSGFIN,LINDEINDIA,LT,LTF,LTTS,LUPIN,LUXIND,M& M,M&M,MADURA,MAFATIND,MAHABANK,MALWA,MANPASAND,MARICO,MARUTI,MASFIN,MASTEK,MATRIX,MAXIND,MCLEODRUSS,MERCK,MERIND,MFSL,MGL,MODIXEROX,MONSANTO,MOREPENLAB,MOTHERSON,MOTHERSUMI,MPHASIS,MRF,MRPL,NAGARFERT,NAHAR,NAHARPOLY,NAHARSPING,NAM-INDIA,NATCOPHARM,NATIONAL,NATIONALUM,NAVA,NAVINFLUOR,NCC,NESCO,NESTLEIND,NETWORK18,NFL,NH,NIACL,NILKAMAL,NIRMA,NITCO,NLCINDIA,NMDC,NTPC,OBC,OFSS,OILCOUNTUB,OLECTRA,OMAXAUTO,OMAXE,ONELIFECAP,ONGC,ONIDA,ORIENTCEM,PARAGMILK,PATANJALI,PATNI,PATSPIN,PCBL,PCJEWELLER,PDMJEPAPER,PEL,PENTAFOUR,PENTAMEDIA,PERSISTENT,PETRONET,PFIZER,PGHL,PHIL,PHILIPS,PHOENIX,PIDILITIND,PNB,POONAWALLA,PRAJIND,PREMIERENE,PRESTIGE,PSIDATA,PTC,PUNJABCHEM,PUNJTRACT,QUESS,RAASI,RAIN,RAJESHEXPO,RALLIS,RAMCOCEM,RAYMOND,RBLBANK,RCF,RCOM,RECKITT,RECLTD,REIAGRO,RELAXO,RELCAPITAL,RELIANCE,RELINFRA,RELMEDIA,RITES,RKFORGE,RPGTRANS,RPOWER,RSWM,RUPA,SADBHAV,SAIL,SANGHI,SANOFI,SAREGAMA,SBILIFE,SCHAEFFLER,SCHENECT,SCI,SCILAL,SESASTERL,SESHAPAPER,SFL,SHANKARA,SHAWWALLA,SHILPAMED,SHK,SHOPERSTOP,SHREECEM,SHRIRAMFIN,SHYAMTEL,SIEMENS,SIS,SJVN,SKFINDIA,SKSMICRO,SOLARINDS,SONATSOFTW,SOUTHBANK,SPARC,SRF,STAR,STARCEMENT,STYROLUT,SUNCLAY,SUNDARMFIN,SUNDRMFAST,SUNPHARMA,SUPREMEIND,SUVEN,SYMPHONY,SYNGENE,TAKE,TAMIL,TATACHEM,TATACONSUM,TATAELXSI,TATAINVEST,TATAMETAL,TATAMOTORS,TATAPOWER,TATASTEEL,TCS,TEAMLEASE,TEXRAIL,THERMAX,THIRU,THOMASCOOK,THYROCARE,TIINDIA,TIMETECHNO,TIMEX,TIMKEN,TITAN,TMCV,TODAYS,TORNTPHARM,TORNTPOWER,TRANSPEK,TRENT,TRIDENT,TTKPRESTIG,TVSSRICHAK,TVTODAY,UBL,UCALFUEL,UFLEX,UJJIVAN,ULTRACEMCO,UNICHEMLAB,UNIONBANK,UNOMINDA,URBANCO,VARROC,VARUN,VBL,VENKEYS,VHL,VISHAL,VMART,VOLTAS,VTL,WELENT,WIDIA,WIMCO,WINDMACH,WIPRO,WOCKPHARMA,WSTCSTPAPR,ZENSARTECH,ZYDUSWELL"
2019-03-29,Nifty500,"IBULLSLTD,ICRA,HDFCAMC,WSI,MAHABANK,DEEPAKNTR,COX&KINGS,CESC,LTF,ESSEL,IRCON,ASTRAZENCA,JKPAPER,KEI,OIL,MAHSCOOTER,MAHSEAMLES,WSI,SHARDACROP,SUPRAJIT,TCNSCLOTH,TRITURBINE,WSI,AAVAS,ORIENTELEC","TVSSRICHAK,AARTIIND,DEN,DREDGECORP,EROSINTL,WSI,GREENPLY,GVKPIL,HCL-INSYS,HCC,IL&FSTRANS,8KMILES,ICIL,JPPOWER,JOHNSON,MANPASAND,MCLEODRUSS,NAVKARCORP,PTC,MBEL,SADBHAV,TATASPONGE,TEXRAIL,GRINFRA,UNICHEMLAB","3MINDIA,AAVAS,ABB,ABBOTINDIA,ABCAPITAL,ABREL,ACC,ADANIENSOL,ADANIPOWER,ADVENZYMES,AEGISLOG,AGCNETWO,AIAENG,AKZOINDIA,ALKEM,ALLCARGO,ALTOS,AMBALAL,AMBUJACEM,APLAPOLLO,APOLLOHOSP,APOLLOTYRE,APPAPER,APPLE,ASHOKLEY,ASIANPAINT,ASTERDM,ASTRAZENCA,ATUL,ATULAUTO,AUBANK,AVANTIFEED,AVERY,AXISBANK,BAJAJ,BAJAJ-AUTO,BAJAJHLDNG,BAJFINANCE,BALMLAWRIE,BALRAMCHIN,BANKBARODA,BASF,BATAINDIA,BBTC,BDL,BEL,BEML,BERGEPAINT,BHARATFORG,BHARTIARTL,BHEL,BI,BIOCON,BIRLACORPN,BLISSGVS,BLUEDART,BLUESTARCO,BOMDYEING,BOSCH-HCIL,BOSCHLTD,BPCL,BRIGADE,BRITANNIA,BSE,BSOFT,CABLE,CANBK,CANFINHOME,CAPLIN,CASTROLIND,CCL,CDSL,CEATLTD,CENTRALBK,CERA,CESC,CGPOWER,CHAMBLFERT,CHEMINOR,CHENNPETRO,CHETTINAD,CHOLAFIN,CHOLAHLDNG,CIPLA,CMC,COALINDIA,COCHINSHIP,COFFEEDAY,COFORGE,COLPAL,CONCOR,CONSOFINVT,COROMANDEL,COX&KINGS,CREDITACC,CRISIL,CROMPTON,CUB,CUMMINSIND,CYBERTECH,DABUR,DBCORP,DBL,DCAL,DCLPOLYE,DCW,DEEPAKFERT,DEEPAKNTR,DHAMPURSUG,DHANBANK,DHFL,DICIND,DIGJAMLMTD,DISHTV,DLF,DMART,DRREDDY,DSQSOFTW,ECLERX,EICHERMOT,EIDPARRY,EIHOTEL,ELECON,ELGIEQUIP,ELGIRUBCO,ENDURANCE,ENERGY,ENGINERSIN,ERIS,ESCORTS,ESSAR,EXCEL,EXCELINDUS,EXIDEIND,FACT,FDC,FEDERALBNK,FINCABLES,FLFL,FLUOROCHEM,FORTIS,FOSECOIND,FULFORD,GAEL,GAIL,GALAXYSURF,GANESHBE,GARDEN,GAYAPROJ,GESHIP,GHCL,GICRE,GILLETTE,GLAXO,GLENMARK,GLFL,GMDCLTD,GNFC,GODFRYPHLP,GODREJAGRO,GODREJCP,GODREJIND,GOKEX,GOODRICKE,GOODYEAR,GPPL,GRANULES,GRAPHITE,GRASIM,GREAVESCOT,GRINDWELL,GRUH,GSFC,GSKCONS,GSPL,GUJALKALI,GUJGASLTD,GVT&D,HAL,HARRMALAYA,HATSUN,HAVELLS,HCLTECH,HDFC,HDFCAMC,HDFCBANK,HDFCLIFE,HEALTHCARE,HEG,HEIDELBERG,HERBERTS,HERITGFOOD,HEROMOTOCO,HEXT,HIMACHAL,HIMATSEIDE,HINDALCO,HINDCOPPER,HINDPETRO,HINDSYNTEX,HINDUNILVR,HINDUSTAN,HINDZINC,HOGANAS,HONAUT,HSCL,HUBTOWN,IBREALEST,IBULLSLTD,IBVENTURES,ICICI,ICICIBANK,ICICIGI,ICICIPRULI,ICRA,IDBI,IDFCFIRSTB,IFBIND,IFCI,IGL,INDHOTEL,INDIACEM,INDIAGLYCO,INDIANB,INDIGO,INDOCO,INDUSINDBK,INDUSTOWER,INFIBEAM,INFY,INOXWIND,INSILCO,INTELLECT,IOB,IOC,IONEXCHANG,IPCALAB,IPRINGS,IRCON,ISMT,ITC,ITDC,ITDCEMEN,ITI,ITIETF,ITWSIGNO,JAGRAN,JAICORPLTD,JBCHEPHARM,JBMA,JETAIRWAYS,JGCHEM,JINDALPHOT,JINDALSAW,JINDALSTEL,JISLJALEQS,JKCEMENT,JKPAPER,JKTYRE,JPASSOCIAT,JSL,JUBLFOOD,JUBLINGRY,KAJARIACER,KANSAINER,KARURVYSYA,KARUTURI,KEI,KINETIC,KIOCL,KMSUGAR,KNRCON,KOHINOOR,KOTAKBANK,KPEL,KRBL,KRISHNA,KTKBANK,KUMARS,LALPATHLAB,LAURUSLABS,LEMONTREE,LICHSGFIN,LINDEINDIA,LT,LTF,LTTS,LUPIN,LUXIND,M& M,M&M,MADURA,MAFATIND,MAHABANK,MAHSCOOTER,MAHSEAMLES,MALWA,MARICO,MARUTI,MASFIN,MASTEK,MATRIX,MAXIND,MERCK,MERIND,MFSL,MGL,MODIXEROX,MONSANTO,MOREPENLAB,MOTHERSON,MOTHERSUMI,MPHASIS,MRF,MRPL,NAGARFERT,NAHAR,NAHARPOLY,NAHARSPING,NAM-INDIA,NATCOPHARM,NATIONAL,NATIONALUM,NAVA,NAVINFLUOR,NCC,NESCO,NESTLEIND,NETWORK18,NFL,NH,NIACL,NILKAMAL,NIRMA,NITCO,NLCINDIA,NMDC,NTPC,OBC,OFSS,OIL,OILCOUNTUB,OLECTRA,OMAXAUTO,OMAXE,ONELIFECAP,ONGC,ONIDA,ORIENTCEM,ORIENTELEC,PARAGMILK,PATANJALI,PATNI,PATSPIN,PCBL,PCJEWELLER,PDMJEPAPER,PEL,PENTAFOUR,PENTAMEDIA,PERSISTENT,PETRONET,PFIZER,PGHL,PHIL,PHILIPS,PHOENIX,PIDILITIND,PNB,POONAWALLA,PRAJIND,PREMIERENE,PRESTIGE,PSIDATA,PUNJABCHEM,PUNJTRACT,QUESS,RAASI,RAIN,RAJESHEXPO,RALLIS,RAMCOCEM,RAYMOND,RBLBANK,RCF,RCOM,RECKITT,RECLTD,REIAGRO,RELAXO,RELCAPITAL,RELIANCE,RELINFRA,RELMEDIA,RITES,RKFORGE,RPGTRANS,RPOWER,RSWM,RUPA,SAIL,SANGHI,SANOFI,SAREGAMA,SBILIFE,SCHAEFFLER,SCHENECT,SCI,SCILAL,SESASTERL,SESHAPAPER,SFL,SHANKARA,SHARDACROP,SHAWWALLA,SHILPAMED,SHK,SHOPERSTOP,SHREECEM,SHRIRAMFIN,SHYAMTEL,SIEMENS,SIS,SJVN,SKFINDIA,SKSMICRO,SOLARINDS,SONATSOFTW,SOUTHBANK,SPARC,SRF,STAR,STARCEMENT,STYROLUT,SUNCLAY,SUNDARMFIN,SUNDRMFAST,SUNPHARMA,SUPRAJIT,SUPREMEIND,SUVEN,SYMPHONY,SYNGENE,TAKE,TAMIL,TATACHEM,TATACONSUM,TATAELXSI,TATAINVEST,TATAMETAL,TATAMOTORS,TATAPOWER,TATASTEEL,TCNSCLOTH,TCS,TEAMLEASE,THERMAX,THIRU,THOMASCOOK,THYROCARE,TIINDIA,TIMETECHNO,TIMEX,TIMKEN,TITAN,TMCV,TORNTPHARM,TORNTPOWER,TRANSPEK,TRENT,TRIDENT,TRITURBINE,TTKPRESTIG,TVTODAY,UBL,UCALFUEL,UFLEX,UJJIVAN,ULTRACEMCO,UNIONBANK,UNOMINDA,URBANCO,VARROC,VARUN,VBL,VENKEYS,VISHAL,VMART,VOLTAS,VTL,WELENT,WIDIA,WIMCO,WINDMACH,WIPRO,WOCKPHARMA,WSI,WSTCSTPAPR,ZENSARTECH,ZYDUSWELL"
2019-04-15,Nifty500,SUNCLAY,EXCEL,"3MINDIA,AAVAS,ABB,ABBOTINDIA,ABCAPITAL,ABREL,ACC,ADANIENSOL,ADANIPOWER,ADVENZYMES,AEGISLOG,AGCNETWO,AIAENG,AKZOINDIA,ALKEM,ALLCARGO,ALTOS,AMBALAL,AMBUJACEM,APLAPOLLO,APOLLOHOSP,APOLLOTYRE,APPAPER,APPLE,ASAHIINDIA,ASHOKLEY,ASIANPAINT,ASTERDM,ASTRAZENCA,ATUL,ATULAUTO,AUBANK,AVANTIFEED,AVERY,AXISBANK,BAJAJ,BAJAJ-AUTO,BAJAJHLDNG,BAJFINANCE,BALMLAWRIE,BALRAMCHIN,BANKBARODA,BASF,BATAINDIA,BBTC,BDL,BEL,BEML,BERGEPAINT,BHARATFORG,BHARTIARTL,BHEL,BI,BIOCON,BIRLACORPN,BLISSGVS,BLUEDART,BLUESTARCO,BOMDYEING,BOSCH-HCIL,BOSCHLTD,BPCL,BRIGADE,BRITANNIA,BSE,BSOFT,CABLE,CANBK,CANFINHOME,CAPLIN,CASTROLIND,CCL,CDSL,CEATLTD,CENTRALBK,CERA,CESC,CGPOWER,CHAMBLFERT,CHEMINOR,CHENNPETRO,CHETTINAD,CHOLAFIN,CHOLAHLDNG,CIPLA,CMC,COALINDIA,COCHINSHIP,COFFEEDAY,COFORGE,COLPAL,CONCOR,CONSOFINVT,COROMANDEL,COX&KINGS,CREDITACC,CRISIL,CROMPTON,CUB,CUMMINSIND,CYBERTECH,DABUR,DBCORP,DBL,DCAL,DCLPOLYE,DCW,DEEPAKFERT,DEEPAKNTR,DHAMPURSUG,DHANBANK,DHFL,DICIND,DIGJAMLMTD,DISHTV,DLF,DMART,DRREDDY,DSQSOFTW,ECLERX,EICHERMOT,EIDPARRY,EIHOTEL,ELECON,ELGIEQUIP,ELGIRUBCO,ENDURANCE,ENERGY,ENGINERSIN,ERIS,ESCORTS,ESSAR,EXCELINDUS,EXIDEIND,FACT,FDC,FEDERALBNK,FINCABLES,FLFL,FLUOROCHEM,FORTIS,FOSECOIND,FULFORD,GAEL,GAIL,GALAXYSURF,GANESHBE,GARDEN,GAYAPROJ,GESHIP,GHCL,GICRE,GILLETTE,GLAXO,GLENMARK,GLFL,GMDCLTD,GNFC,GODFRYPHLP,GODREJAGRO,GODREJCP,GODREJIND,GOKEX,GOODRICKE,GOODYEAR,GPPL,GRANULES,GRAPHITE,GRASIM,GREAVESCOT,GRINDWELL,GRUH,GSFC,GSKCONS,GSPL,GUJALKALI,GUJGASLTD,GVT&D,HAL,HARRMALAYA,HATSUN,HAVELLS,HCLTECH,HDFC,HDFCAMC,HDFCBANK,HDFCLIFE,HEALTHCARE,HEG,HEIDELBERG,HERBERTS,HERITGFOOD,HEROMOTOCO,HEXT,HIMACHAL,HIMATSEIDE,HINDALCO,HINDCOPPER,HINDPETRO,HINDSYNTEX,HINDUNILVR,HINDUSTAN,HINDZINC,HOGANAS,HONAUT,HSCL,HUBTOWN,IBREALEST,IBULLSLTD,IBVENTURES,ICICI,ICICIBANK,ICICIGI,ICICIPRULI,ICRA,IDBI,IDFCFIRSTB,IFBIND,IFCI,IGL,INDHOTEL,INDIACEM,INDIAGLYCO,INDIANB,INDIGO,INDOCO,INDUSINDBK,INDUSTOWER,INFIBEAM,INFY,INOXWIND,INSILCO,INTELLECT,IOB,IOC,IONEXCHANG,IPCALAB,IPRINGS,IRCON,ISMT,ITC,ITDC,ITDCEMEN,ITI,ITIETF,ITWSIGNO,JAGRAN,JAICORPLTD,JBCHEPHARM,JBMA,JETAIRWAYS,JGCHEM,JINDALPHOT,JINDALSAW,JINDALSTEL,JISLJALEQS,JKCEMENT,JKPAPER,JKTYRE,JPASSOCIAT,JSL,JUBLFOOD,JUBLINGRY,KAJARIACER,KANSAINER,KARURVYSYA,KARUTURI,KEI,KINETIC,KIOCL,KMSUGAR,KNRCON,KOHINOOR,KOTAKBANK,KPEL,KRBL,KRISHNA,KTKBANK,KUMARS,LALPATHLAB,LAURUSLABS,LEMONTREE,LICHSGFIN,LINDEINDIA,LT,LTF,LTTS,LUPIN,LUXIND,M& M,M&M,MADURA,MAFATIND,MAHABANK,MAHSCOOTER,MAHSEAMLES,MALWA,MARICO,MARUTI,MASFIN,MASTEK,MATRIX,MAXIND,MERCK,MERIND,MFSL,MGL,MODIXEROX,MONSANTO,MOREPENLAB,MOTHERSON,MOTHERSUMI,MPHASIS,MRF,MRPL,NAGARFERT,NAHAR,NAHARPOLY,NAHARSPING,NAM-INDIA,NATCOPHARM,NATIONAL,NATIONALUM,NAVA,NAVINFLUOR,NCC,NESCO,NESTLEIND,NETWORK18,NFL,NH,NIACL,NILKAMAL,NIRMA,NITCO,NLCINDIA,NMDC,NTPC,OBC,OFSS,OIL,OILCOUNTUB,OLECTRA,OMAXAUTO,OMAXE,ONELIFECAP,ONGC,ONIDA,ORIENTCEM,ORIENTELEC,PARAGMILK,PATANJALI,PATNI,PATSPIN,PCBL,PCJEWELLER,PDMJEPAPER,PEL,PENTAFOUR,PENTAMEDIA,PERSISTENT,PETRONET,PFIZER,PGHL,PHIL,PHILIPS,PHOENIX,PIDILITIND,PNB,POONAWALLA,PRAJIND,PREMIERENE,PRESTIGE,PSIDATA,PUNJABCHEM,PUNJTRACT,QUESS,RAASI,RAIN,RAJESHEXPO,RALLIS,RAMCOCEM,RAYMOND,RBLBANK,RCF,RCOM,RECKITT,RECLTD,REIAGRO,RELAXO,RELCAPITAL,RELIANCE,RELINFRA,RELMEDIA,RITES,RKFORGE,RPGTRANS,RPOWER,RSWM,RUPA,SAIL,SANGHI,SANOFI,SAREGAMA,SBILIFE,SCHAEFFLER,SCHENECT,SCI,SCILAL,SESASTERL,SESHAPAPER,SFL,SHANKARA,SHARDACROP,SHAWWALLA,SHILPAMED,SHK,SHOPERSTOP,SHREECEM,SHRIRAMFIN,SHYAMTEL,SIEMENS,SIS,SJVN,SKFINDIA,SKSMICRO,SOLARINDS,SONATSOFTW,SOUTHBANK,SPARC,SRF,STAR,STARCEMENT,STYROLUT,SUNCLAY,SUNDARMFIN,SUNDRMFAST,SUNPHARMA,SUPRAJIT,SUPREMEIND,SUVEN,SYMPHONY,SYNGENE,TAKE,TAMIL,TATACHEM,TATACONSUM,TATAELXSI,TATAINVEST,TATAMETAL,TATAMOTORS,TATAPOWER,TATASTEEL,TCNSCLOTH,TCS,TEAMLEASE,THERMAX,THIRU,THOMASCOOK,THYROCARE,TIINDIA,TIMETECHNO,TIMEX,TIMKEN,TITAN,TMCV,TORNTPHARM,TORNTPOWER,TRANSPEK,TRENT,TRIDENT,TRITURBINE,TTKPRESTIG,TVTODAY,UBL,UCALFUEL,UFLEX,UJJIVAN,ULTRACEMCO,UNIONBANK,UNOMINDA,URBANCO,VARROC,VARUN,VBL,VENKEYS,VISHAL,VMART,VOLTAS,VTL,WELENT,WIDIA,WIMCO,WINDMACH,WIPRO,WOCKPHARMA,WSI,WSTCSTPAPR,ZENSARTECH,ZYDUSWELL"
2019-06-28,Nifty500,"CHALET,DALMIASUG","FLUOROCHEM,MONSANTO","3MINDIA,AAVAS,ABB,ABBOTINDIA,ABCAPITAL,ABREL,ACC,ADANIENSOL,ADANIPOWER,ADVENZYMES,AEGISLOG,AGCNETWO,AIAENG,AKZOINDIA,ALKEM,ALLCARGO,ALTOS,AMBALAL,AMBUJACEM,APLAPOLLO,APOLLOHOSP,APOLLOTYRE,APPAPER,APPLE,ASAHIINDIA,ASHOKLEY,ASIANPAINT,ASTERDM,ASTRAZENCA,ATUL,ATULAUTO,AUBANK,AVANTIFEED,AVERY,AXISBANK,BAJAJ,BAJAJ-AUTO,BAJAJHLDNG,BAJFINANCE,BALMLAWRIE,BALRAMCHIN,BANKBARODA,BASF,BATAINDIA,BBTC,BDL,BEL,BEML,BERGEPAINT,BHARATFORG,BHARTIARTL,BHEL,BI,BIOCON,BIRLACORPN,BLISSGVS,BLUEDART,BLUESTARCO,BOMDYEING,BOSCH-HCIL,BOSCHLTD,BPCL,BRIGADE,BRITANNIA,BSE,BSOFT,CABLE,CANBK,CANFINHOME,CAPLIN,CASTROLIND,CCL,CDSL,CEATLTD,CENTRALBK,CERA,CESC,CGPOWER,CHALET,CHAMBLFERT,CHEMINOR,CHENNPETRO,CHETTINAD,CHOLAFIN,CHOLAHLDNG,CIPLA,CMC,COALINDIA,COCHINSHIP,COFFEEDAY,COFORGE,COLPAL,CONCOR,CONSOFINVT,COROMANDEL,COX&KINGS,CREDITACC,CRISIL,CROMPTON,CUB,CUMMINSIND,CYBERTECH,DABUR,DALMIASUG,DBCORP,DBL,DCAL,DCLPOLYE,DCW,DEEPAKFERT,DEEPAKNTR,DHAMPURSUG,DHANBANK,DHFL,DICIND,DIGJAMLMTD,DISHTV,DLF,DMART,DRREDDY,DSQSOFTW,ECLERX,EICHERMOT,EIDPARRY,EIHOTEL,ELECON,ELGIEQUIP,ELGIRUBCO,ENDURANCE,ENERGY,ENGINERSIN,ERIS,ESCORTS,ESSAR,EXCELINDUS,EXIDEIND,FACT,FDC,FEDERALBNK,FINCABLES,FLFL,FORTIS,FOSECOIND,FULFORD,GAEL,GAIL,GALAXYSURF,GANESHBE,GARDEN,GAYAPROJ,GESHIP,GHCL,GICRE,GILLETTE,GLAXO,GLENMARK,GLFL,GMDCLTD,GNFC,GODFRYPHLP,GODREJAGRO,GODREJCP,GODREJIND,GOKEX,GOODRICKE,GOODYEAR,GPPL,GRANULES,GRAPHITE,GRASIM,GREAVESCOT,GRINDWELL,GRUH,GSFC,GSKCONS,GSPL,GUJALKALI,GUJGASLTD,GVT&D,HAL,HARRMALAYA,HATSUN,HAVELLS,HCLTECH,HDFC,HDFCAMC,HDFCBANK,HDFCLIFE,HEALTHCARE,HEG,HEIDELBERG,HERBERTS,HERITGFOOD,HEROMOTOCO,HEXT,HIMACHAL,HIMATSEIDE,HINDALCO,HINDCOPPER,HINDPETRO,HINDSYNTEX,HINDUNILVR,HINDUSTAN,HINDZINC,HOGANAS,HONAUT,HSCL,HUBTOWN,IBREALEST,IBULLSLTD,IBVENTURES,ICICI,ICICIBANK,ICICIGI,ICICIPRULI,ICRA,IDBI,IDFCFIRSTB,IFBIND,IFCI,IGL,INDHOTEL,INDIACEM,INDIAGLYCO,INDIANB,INDIGO,INDOCO,INDUSINDBK,INDUSTOWER,INFIBEAM,INFY,INOXWIND,INSILCO,INTELLECT,IOB,IOC,IONEXCHANG,IPCALAB,IPRINGS,IRCON,ISMT,ITC,ITDC,ITDCEMEN,ITI,ITIETF,ITWSIGNO,JAGRAN,JAICORPLTD,JBCHEPHARM,JBMA,JETAIRWAYS,JGCHEM,JINDALPHOT,JINDALSAW,JINDALSTEL,JISLJALEQS,JKCEMENT,JKPAPER,JKTYRE,JPASSOCIAT,JSL,JUBLFOOD,JUBLINGRY,KAJARIACER,KANSAINER,KARURVYSYA,KARUTURI,KEI,KINETIC,KIOCL,KMSUGAR,KNRCON,KOHINOOR,KOTAKBANK,KPEL,KRBL,KRISHNA,KTKBANK,KUMARS,LALPATHLAB,LAURUSLABS,LEMONTREE,LICHSGFIN,LINDEINDIA,LT,LTF,LTTS,LUPIN,LUXIND,M& M,M&M,MADURA,MAFATIND,MAHABANK,MAHSCOOTER,MAHSEAMLES,MALWA,MARICO,MARUTI,MASFIN,MASTEK,MATRIX,MAXIND,MERCK,MERIND,MFSL,MGL,MODIXEROX,MOREPENLAB,MOTHERSON,MOTHERSUMI,MPHASIS,MRF,MRPL,NAGARFERT,NAHAR,NAHARPOLY,NAHARSPING,NAM-INDIA,NATCOPHARM,NATIONAL,NATIONALUM,NAVA,NAVINFLUOR,NCC,NESCO,NESTLEIND,NETWORK18,NFL,NH,NIACL,NILKAMAL,NIRMA,NITCO,NLCINDIA,NMDC,NTPC,OBC,OFSS,OIL,OILCOUNTUB,OLECTRA,OMAXAUTO,OMAXE,ONELIFECAP,ONGC,ONIDA,ORIENTCEM,ORIENTELEC,PARAGMILK,PATANJALI,PATNI,PATSPIN,PCBL,PCJEWELLER,PDMJEPAPER,PEL,PENTAFOUR,PENTAMEDIA,PERSISTENT,PETRONET,PFIZER,PGHL,PHIL,PHILIPS,PHOENIX,PIDILITIND,PNB,POONAWALLA,PRAJIND,PREMIERENE,PRESTIGE,PSIDATA,PUNJABCHEM,PUNJTRACT,QUESS,RAASI,RAIN,RAJESHEXPO,RALLIS,RAMCOCEM,RAYMOND,RBLBANK,RCF,RCOM,RECKITT,RECLTD,REIAGRO,RELAXO,RELCAPITAL,RELIANCE,RELINFRA,RELMEDIA,RITES,RKFORGE,RPGTRANS,RPOWER,RSWM,RUPA,SAIL,SANGHI,SANOFI,SAREGAMA,SBILIFE,SCHAEFFLER,SCHENECT,SCI,SCILAL,SESASTERL,SESHAPAPER,SFL,SHANKARA,SHARDACROP,SHAWWALLA,SHILPAMED,SHK,SHOPERSTOP,SHREECEM,SHRIRAMFIN,SHYAMTEL,SIEMENS,SIS,SJVN,SKFINDIA,SKSMICRO,SOLARINDS,SONATSOFTW,SOUTHBANK,SPARC,SRF,STAR,STARCEMENT,STYROLUT,SUNCLAY,SUNDARMFIN,SUNDRMFAST,SUNPHARMA,SUPRAJIT,SUPREMEIND,SUVEN,SYMPHONY,SYNGENE,TAKE,TAMIL,TATACHEM,TATACONSUM,TATAELXSI,TATAINVEST,TATAMETAL,TATAMOTORS,TATAPOWER,TATASTEEL,TCNSCLOTH,TCS,TEAMLEASE,THERMAX,THIRU,THOMASCOOK,THYROCARE,TIINDIA,TIMETECHNO,TIMEX,TIMKEN,TITAN,TMCV,TORNTPHARM,TORNTPOWER,TRANSPEK,TRENT,TRIDENT,TRITURBINE,TTKPRESTIG,TVTODAY,UBL,UCALFUEL,UFLEX,UJJIVAN,ULTRACEMCO,UNIONBANK,UNOMINDA,URBANCO,VARROC,VARUN,VBL,VENKEYS,VISHAL,VMART,VOLTAS,VTL,WELENT,WIDIA,WIMCO,WINDMACH,WIPRO,WOCKPHARMA,WSI,WSTCSTPAPR,ZENSARTECH,ZYDUSWELL"
2019-09-24,Nifty500,VAIBHAVGBL,JETAIRWAYS,"3MINDIA,AAVAS,ABB,ABBOTINDIA,ABCAPITAL,ABREL,ACC,ADANIENSOL,ADANIPOWER,ADVENZYMES,AEGISLOG,AGCNETWO,AIAENG,AKZOINDIA,ALKEM,ALLCARGO,ALTOS,AMBALAL,AMBUJACEM,APLAPOLLO,APOLLOHOSP,APOLLOTYRE,APPAPER,APPLE,ASAHIINDIA,ASHOKLEY,ASIANPAINT,ASTERDM,ASTRAZENCA,ATUL,ATULAUTO,AUBANK,AVANTIFEED,AVERY,AXISBANK,BAJAJ,BAJAJ-AUTO,BAJAJHLDNG,BAJFINANCE,BALMLAWRIE,BALRAMCHIN,BANKBARODA,BASF,BATAINDIA,BBTC,BDL,BEL,BEML,BERGEPAINT,BHARATFORG,BHARTIARTL,BHEL,BI,BIOCON,BIRLACORPN,BLISSGVS,BLUEDART,BLUESTARCO,BOMDYEING,BOSCH-HCIL,BOSCHLTD,BPCL,BRIGADE,BRITANNIA,BSE,BSOFT,CABLE,CANBK,CANFINHOME,CAPLIN,CASTROLIND,CCL,CDSL,CEATLTD,CENTRALBK,CERA,CESC,CGPOWER,CHALET,CHAMBLFERT,CHEMINOR,CHENNPETRO,CHETTINAD,CHOLAFIN,CHOLAHLDNG,CIPLA,CMC,COALINDIA,COCHINSHIP,COFFEEDAY,COFORGE,COLPAL,CONCOR,CONSOFINVT,COROMANDEL,COX&KINGS,CREDITACC,CRISIL,CROMPTON,CUB,CUMMINSIND,CYBERTECH,DABUR,DALMIASUG,DBCORP,DBL,DCAL,DCLPOLYE,DCW,DEEPAKFERT,DEEPAKNTR,DHAMPURSUG,DHANBANK,DHFL,DICIND,DIGJAMLMTD,DISHTV,DLF,DMART,DRREDDY,DSQSOFTW,ECLERX,EICHERMOT,EIDPARRY,EIHOTEL,ELECON,ELGIEQUIP,ELGIRUBCO,ENDURANCE,ENERGY,ENGINERSIN,ERIS,ESCORTS,ESSAR,EXCELINDUS,EXIDEIND,FACT,FDC,FEDERALBNK,FINCABLES,FLFL,FORTIS,FOSECOIND,FULFORD,GAEL,GAIL,GALAXYSURF,GANESHBE,GARDEN,GAYAPROJ,GESHIP,GHCL,GICRE,GILLETTE,GLAXO,GLENMARK,GLFL,GMDCLTD,GNFC,GODFRYPHLP,GODREJAGRO,GODREJCP,GODREJIND,GOKEX,GOODRICKE,GOODYEAR,GPPL,GRANULES,GRAPHITE,GRASIM,GREAVESCOT,GRINDWELL,GRUH,GSFC,GSKCONS,GSPL,GUJALKALI,GUJGASLTD,GVT&D,HAL,HARRMALAYA,HATSUN,HAVELLS,HCLTECH,HDFC,HDFCAMC,HDFCBANK,HDFCLIFE,HEALTHCARE,HEG,HEIDELBERG,HERBERTS,HERITGFOOD,HEROMOTOCO,HEXT,HIMACHAL,HIMATSEIDE,HINDALCO,HINDCOPPER,HINDPETRO,HINDSYNTEX,HINDUNILVR,HINDUSTAN,HINDZINC,HOGANAS,HONAUT,HSCL,HUBTOWN,IBREALEST,IBULLSLTD,IBVENTURES,ICICI,ICICIBANK,ICICIGI,ICICIPRULI,ICRA,IDBI,IDFCFIRSTB,IFBIND,IFCI,IGL,INDHOTEL,INDIACEM,INDIAGLYCO,INDIANB,INDIGO,INDOCO,INDUSINDBK,INDUSTOWER,INFIBEAM,INFY,INOXWIND,INSILCO,INTELLECT,IOB,IOC,IONEXCHANG,IPCALAB,IPRINGS,IRCON,ISMT,ITC,ITDC,ITDCEMEN,ITI,ITIETF,ITWSIGNO,JAGRAN,JAICORPLTD,JBCHEPHARM,JBMA,JGCHEM,JINDALPHOT,JINDALSAW,JINDALSTEL,JISLJALEQS,JKCEMENT,JKPAPER,JKTYRE,JPASSOCIAT,JSL,JUBLFOOD,JUBLINGRY,KAJARIACER,KANSAINER,KARURVYSYA,KARUTURI,KEI,KINETIC,KIOCL,KMSUGAR,KNRCON,KOHINOOR,KOTAKBANK,KPEL,KRBL,KRISHNA,KTKBANK,KUMARS,LALPATHLAB,LAURUSLABS,LEMONTREE,LICHSGFIN,LINDEINDIA,LT,LTF,LTTS,LUPIN,LUXIND,M& M,M&M,MADURA,MAFATIND,MAHABANK,MAHSCOOTER,MAHSEAMLES,MALWA,MARICO,MARUTI,MASFIN,MASTEK,MATRIX,MAXIND,MERCK,MERIND,MFSL,MGL,MODIXEROX,MOREPENLAB,MOTHERSON,MOTHERSUMI,MPHASIS,MRF,MRPL,NAGARFERT,NAHAR,NAHARPOLY,NAHARSPING,NAM-INDIA,NATCOPHARM,NATIONAL,NATIONALUM,NAVA,NAVINFLUOR,NCC,NESCO,NESTLEIND,NETWORK18,NFL,NH,NIACL,NILKAMAL,NIRMA,NITCO,NLCINDIA,NMDC,NTPC,OBC,OFSS,OIL,OILCOUNTUB,OLECTRA,OMAXAUTO,OMAXE,ONELIFECAP,ONGC,ONIDA,ORIENTCEM,ORIENTELEC,PARAGMILK,PATANJALI,PATNI,PATSPIN,PCBL,PCJEWELLER,PDMJEPAPER,PEL,PENTAFOUR,PENTAMEDIA,PERSISTENT,PETRONET,PFIZER,PGHL,PHIL,PHILIPS,PHOENIX,PIDILITIND,PNB,POONAWALLA,PRAJIND,PREMIERENE,PRESTIGE,PSIDATA,PUNJABCHEM,PUNJTRACT,QUESS,RAASI,RAIN,RAJESHEXPO,RALLIS,RAMCOCEM,RAYMOND,RBLBANK,RCF,RCOM,RECKITT,RECLTD,REIAGRO,RELAXO,RELCAPITAL,RELIANCE,RELINFRA,RELMEDIA,RITES,RKFORGE,RPGTRANS,RPOWER,RSWM,RUPA,SAIL,SANGHI,SANOFI,SAREGAMA,SBILIFE,SCHAEFFLER,SCHENECT,SCI,SCILAL,SESASTERL,SESHAPAPER,SFL,SHANKARA,SHARDACROP,SHAWWALLA,SHILPAMED,SHK,SHOPERSTOP,SHREECEM,SHRIRAMFIN,SHYAMTEL,SIEMENS,SIS,SJVN,SKFINDIA,SKSMICRO,SOLARINDS,SONATSOFTW,SOUTHBANK,SPARC,SRF,STAR,STARCEMENT,STYROLUT,SUNCLAY,SUNDARMFIN,SUNDRMFAST,SUNPHARMA,SUPRAJIT,SUPREMEIND,SUVEN,SYMPHONY,SYNGENE,TAKE,TAMIL,TATACHEM,TATACONSUM,TATAELXSI,TATAINVEST,TATAMETAL,TATAMOTORS,TATAPOWER,TATASTEEL,TCNSCLOTH,TCS,TEAMLEASE,THERMAX,THIRU,THOMASCOOK,THYROCARE,TIINDIA,TIMETECHNO,TIMEX,TIMKEN,TITAN,TMCV,TORNTPHARM,TORNTPOWER,TRANSPEK,TRENT,TRIDENT,TRITURBINE,TTKPRESTIG,TVTODAY,UBL,UCALFUEL,UFLEX,UJJIVAN,ULTRACEMCO,UNIONBANK,UNOMINDA,URBANCO,VAIBHAVGBL,VARROC,VARUN,VBL,VENKEYS,VISHAL,VMART,VOLTAS,VTL,WELENT,WIDIA,WIMCO,WINDMACH,WIPRO,WOCKPHARMA,WSI,WSTCSTPAPR,ZENSARTECH,ZYDUSWELL"
2019-09-27,Nifty500,"MCX,RATNAMANI,ORIENTREF,POLYCAB,NESTLEIND,RVNL,TCIEXP,TECHNOE,METROPOLIS,ABBOTINDIA,ATGL,AMBER,BAYERCROP,BSOFT,CGCL,DEN,FMGOETZE,ARVIND,KPITTECH,IIFL,JOHNSON,GARWARE","RCOM,RKFORGE,RUPA,SREINFRA,SINTEX,SHARDACROP,SCILAL,TAMIL,TATACOFFEE,THOMASCOOK,TRITURBINE,SHANKARA,LTF,KIOCL,ABB,IGPL,GATEWAY,GSKCONS,GRUH,INDOCO,INOXWIND,JPASSOCIAT","3MINDIA,AAVAS,ABBOTINDIA,ABCAPITAL,ABREL,ACC,ADANIENSOL,ADANIPOWER,ADVENZYMES,AEGISLOG,AGCNETWO,AIAENG,AKZOINDIA,ALKEM,ALLCARGO,ALTOS,AMBALAL,AMBER,AMBUJACEM,APLAPOLLO,APOLLOHOSP,APOLLOTYRE,APPAPER,APPLE,ARVIND,ASAHIINDIA,ASHOKLEY,ASIANPAINT,ASTERDM,ASTRAZENCA,ATGL,ATUL,ATULAUTO,AUBANK,AVANTIFEED,AVERY,AXISBANK,BAJAJ,BAJAJ-AUTO,BAJAJHLDNG,BAJFINANCE,BALMLAWRIE,BALRAMCHIN,BANKBARODA,BASF,BATAINDIA,BAYERCROP,BBTC,BDL,BEL,BEML,BERGEPAINT,BHARATFORG,BHARTIARTL,BHEL,BI,BIOCON,BIRLACORPN,BLISSGVS,BLUEDART,BLUESTARCO,BOMDYEING,BOSCH-HCIL,BOSCHLTD,BPCL,BRIGADE,BRITANNIA,BSE,BSOFT,CABLE,CANBK,CANFINHOME,CAPLIN,CASTROLIND,CCL,CDSL,CEATLTD,CENTRALBK,CERA,CESC,CGCL,CGPOWER,CHALET,CHAMBLFERT,CHEMINOR,CHENNPETRO,CHETTINAD,CHOLAFIN,CHOLAHLDNG,CIPLA,CMC,COALINDIA,COCHINSHIP,COFFEEDAY,COFORGE,COLPAL,CONCOR,CONSOFINVT,COROMANDEL,COX&KINGS,CREDITACC,CRISIL,CROMPTON,CUB,CUMMINSIND,CYBERTECH,DABUR,DALMIASUG,DBCORP,DBL,DCAL,DCLPOLYE,DCW,DEEPAKFERT,DEEPAKNTR,DEN,DHAMPURSUG,DHANBANK,DHFL,DICIND,DIGJAMLMTD,DISHTV,DLF,DMART,DRREDDY,DSQSOFTW,ECLERX,EICHERMOT,EIDPARRY,EIHOTEL,ELECON,ELGIEQUIP,ELGIRUBCO,ENDURANCE,ENERGY,ENGINERSIN,ERIS,ESCORTS,ESSAR,EXCELINDUS,EXIDEIND,FACT,FDC,FEDERALBNK,FINCABLES,FLFL,FMGOETZE,FORTIS,FOSECOIND,FULFORD,GAEL,GAIL,GALAXYSURF,GANESHBE,GARDEN,GARWARE,GAYAPROJ,GESHIP,GHCL,GICRE,GILLETTE,GLAXO,GLENMARK,GLFL,GMDCLTD,GNFC,GODFRYPHLP,GODREJAGRO,GODREJCP,GODREJIND,GOKEX,GOODRICKE,GOODYEAR,GPPL,GRANULES,GRAPHITE,GRASIM,GREAVESCOT,GRINDWELL,GSFC,GSPL,GUJALKALI,GUJGASLTD,GVT&D,HAL,HARRMALAYA,HATSUN,HAVELLS,HCLTECH,HDFC,HDFCAMC,HDFCBANK,HDFCLIFE,HEALTHCARE,HEG,HEIDELBERG,HERBERTS,HERITGFOOD,HEROMOTOCO,HEXT,HIMACHAL,HIMATSEIDE,HINDALCO,HINDCOPPER,HINDPETRO,HINDSYNTEX,HINDUNILVR,HINDUSTAN,HINDZINC,HOGANAS,HONAUT,HSCL,HUBTOWN,IBREALEST,IBULLSLTD,IBVENTURES,ICICI,ICICIBANK,ICICIGI,ICICIPRULI,ICRA,IDBI,IDFCFIRSTB,IFBIND,IFCI,IGL,IIFL,INDHOTEL,INDIACEM,INDIAGLYCO,INDIANB,INDIGO,INDUSINDBK,INDUSTOWER,INFIBEAM,INFY,INSILCO,INTELLECT,IOB,IOC,IONEXCHANG,IPCALAB,IPRINGS,IRCON,ISMT,ITC,ITDC,ITDCEMEN,ITI,ITIETF,ITWSIGNO,JAGRAN,JAICORPLTD,JBCHEPHARM,JBMA,JGCHEM,JINDALPHOT,JINDALSAW,JINDALSTEL,JISLJALEQS,JKCEMENT,JKPAPER,JKTYRE,JSL,JUBLFOOD,JUBLINGRY,KAJARIACER,KANSAINER,KARURVYSYA,KARUTURI,KEI,KINETIC,KMSUGAR,KNRCON,KOHINOOR,KOTAKBANK,KPEL,KPITTECH,KRBL,KRISHNA,KTKBANK,KUMARS,LALPATHLAB,LAURUSLABS,LEMONTREE,LICHSGFIN,LINDEINDIA,LT,LTTS,LUPIN,LUXIND,M& M,M&M,MADURA,MAFATIND,MAHABANK,MAHSCOOTER,MAHSEAMLES,MALWA,MARICO,MARUTI,MASFIN,MASTEK,MATRIX,MAXIND,MCX,MERCK,MERIND,METROPOLIS,MFSL,MGL,MODIXEROX,MOREPENLAB,MOTHERSON,MOTHERSUMI,MPHASIS,MRF,MRPL,NAGARFERT,NAHAR,NAHARPOLY,NAHARSPING,NAM-INDIA,NATCOPHARM,NATIONAL,NATIONALUM,NAVA,NAVINFLUOR,NCC,NESCO,NESTLEIND,NETWORK18,NFL,NH,NIACL,NILKAMAL,NIRMA,NITCO,NLCINDIA,NMDC,NTPC,OBC,OFSS,OIL,OILCOUNTUB,OLECTRA,OMAXAUTO,OMAXE,ONELIFECAP,ONGC,ONIDA,ORIENTCEM,ORIENTELEC,ORIENTREF,PARAGMILK,PATANJALI,PATNI,PATSPIN,PCBL,PCJEWELLER,PDMJEPAPER,PEL,PENTAFOUR,PENTAMEDIA,PERSISTENT,PETRONET,PFIZER,PGHL,PHIL,PHILIPS,PHOENIX,PIDILITIND,PNB,POLYCAB,POONAWALLA,PRAJIND,PREMIERENE,PRESTIGE,PSIDATA,PUNJABCHEM,PUNJTRACT,QUESS,RAASI,RAIN,RAJESHEXPO,RALLIS,RAMCOCEM,RATNAMANI,RAYMOND,RBLBANK,RCF,RECKITT,RECLTD,REIAGRO,RELAXO,RELCAPITAL,RELIANCE,RELINFRA,RELMEDIA,RITES,RPGTRANS,RPOWER,RSWM,RVNL,SAIL,SANGHI,SANOFI,SAREGAMA,SBILIFE,SCHAEFFLER,SCHENECT,SCI,SESASTERL,SESHAPAPER,SFL,SHAWWALLA,SHILPAMED,SHK,SHOPERSTOP,SHREECEM,SHRIRAMFIN,SHYAMTEL,SIEMENS,SIS,SJVN,SKFINDIA,SKSMICRO,SOLARINDS,SONATSOFTW,SOUTHBANK,SPARC,SRF,STAR,STARCEMENT,STYROLUT,SUNCLAY,SUNDARMFIN,SUNDRMFAST,SUNPHARMA,SUPRAJIT,SUPREMEIND,SUVEN,SYMPHONY,SYNGENE,TAKE,TATACHEM,TATACONSUM,TATAELXSI,TATAINVEST,TATAMETAL,TATAMOTORS,TATAPOWER,TATASTEEL,TCIEXP,TCNSCLOTH,TCS,TEAMLEASE,TECHNOE,THERMAX,THIRU,THYROCARE,TIINDIA,TIMETECHNO,TIMEX,TIMKEN,TITAN,TMCV,TORNTPHARM,TORNTPOWER,TRANSPEK,TRENT,TRIDENT,TTKPRESTIG,TVTODAY,UBL,UCALFUEL,UFLEX,UJJIVAN,ULTRACEMCO,UNIONBANK,UNOMINDA,URBANCO,VARROC,VARUN,VBL,VENKEYS,VISHAL,VMART,VOLTAS,VTL,WELENT,WIDIA,WIMCO,WINDMACH,WIPRO,WOCKPHARMA,WSI,WSTCSTPAPR,ZENSARTECH,ZYDUSWELL"
2019-12-26,Nifty500,"RESPONIND,MIDHANI,AFFLE","COX&KINGS,CGPOWER,COFFEEDAY","3MINDIA,AAVAS,ABBOTINDIA,ABCAPITAL,ABREL,ACC,ADANIENSOL,ADANIPOWER,ADVENZYMES,AEGISLOG,AFFLE,AGCNETWO,AIAENG,AKZOINDIA,ALKEM,ALLCARGO,ALTOS,AMBALAL,AMBER,AMBUJACEM,APLAPOLLO,APOLLOHOSP,APOLLOTYRE,APPAPER,APPLE,ARVIND,ASAHIINDIA,ASHOKLEY,ASIANPAINT,ASTERDM,ASTRAZENCA,ATGL,ATUL,ATULAUTO,AUBANK,AVANTIFEED,AVERY,AXISBANK,BAJAJ,BAJAJ-AUTO,BAJAJHLDNG,BAJFINANCE,BALMLAWRIE,BALRAMCHIN,BANKBARODA,BASF,BATAINDIA,BAYERCROP,BBTC,BDL,BEL,BEML,BERGEPAINT,BHARATFORG,BHARTIARTL,BHEL,BI,BIOCON,BIRLACORPN,BLISSGVS,BLUEDART,BLUESTARCO,BOMDYEING,BOSCH-HCIL,BOSCHLTD,BPCL,BRIGADE,BRITANNIA,BSE,BSOFT,CABLE,CANBK,CANFINHOME,CAPLIN,CASTROLIND,CCL,CDSL,CEATLTD,CENTRALBK,CERA,CESC,CGCL,CHALET,CHAMBLFERT,CHEMINOR,CHENNPETRO,CHETTINAD,CHOLAFIN,CHOLAHLDNG,CIPLA,CMC,COALINDIA,COCHINSHIP,COFORGE,COLPAL,CONCOR,CONSOFINVT,COROMANDEL,CREDITACC,CRISIL,CROMPTON,CUB,CUMMINSIND,CYBERTECH,DABUR,DALMIASUG,DBCORP,DBL,DCAL,DCLPOLYE,DCW,DEEPAKFERT,DEEPAKNTR,DEN,DHAMPURSUG,DHANBANK,DHFL,DICIND,DIGJAMLMTD,DISHTV,DLF,DMART,DRREDDY,DSQSOFTW,ECLERX,EICHERMOT,EIDPARRY,EIHOTEL,ELECON,ELGIEQUIP,ELGIRUBCO,ENDURANCE,ENERGY,ENGINERSIN,ERIS,ESCORTS,ESSAR,EXCELINDUS,EXIDEIND,FACT,FDC,FEDERALBNK,FINCABLES,FLFL,FMGOETZE,FORTIS,FOSECOIND,FULFORD,GAEL,GAIL,GALAXYSURF,GANESHBE,GARDEN,GARWARE,GAYAPROJ,GESHIP,GHCL,GICRE,GILLETTE,GLAXO,GLENMARK,GLFL,GMDCLTD,GNFC,GODFRYPHLP,GODREJAGRO,GODREJCP,GODREJIND,GOKEX,GOODRICKE,GOODYEAR,GPPL,GRANULES,GRAPHITE,GRASIM,GREAVESCOT,GRINDWELL,GSFC,GSPL,GUJALKALI,GUJGASLTD,GVT&D,HAL,HARRMALAYA,HATSUN,HAVELLS,HCLTECH,HDFC,HDFCAMC,HDFCBANK,HDFCLIFE,HEALTHCARE,HEG,HEIDELBERG,HERBERTS,HERITGFOOD,HEROMOTOCO,HEXT,HIMACHAL,HIMATSEIDE,HINDALCO,HINDCOPPER,HINDPETRO,HINDSYNTEX,HINDUNILVR,HINDUSTAN,HINDZINC,HOGANAS,HONAUT,HSCL,HUBTOWN,IBREALEST,IBULLSLTD,IBVENTURES,ICICI,ICICIBANK,ICICIGI,ICICIPRULI,ICRA,IDBI,IDFCFIRSTB,IFBIND,IFCI,IGL,IIFL,INDHOTEL,INDIACEM,INDIAGLYCO,INDIANB,INDIGO,INDUSINDBK,INDUSTOWER,INFIBEAM,INFY,INSILCO,INTELLECT,IOB,IOC,IONEXCHANG,IPCALAB,IPRINGS,IRCON,ISMT,ITC,ITDC,ITDCEMEN,ITI,ITIETF,ITWSIGNO,JAGRAN,JAICORPLTD,JBCHEPHARM,JBMA,JGCHEM,JINDALPHOT,JINDALSAW,JINDALSTEL,JISLJALEQS,JKCEMENT,JKPAPER,JKTYRE,JSL,JUBLFOOD,JUBLINGRY,KAJARIACER,KANSAINER,KARURVYSYA,KARUTURI,KEI,KINETIC,KMSUGAR,KNRCON,KOHINOOR,KOTAKBANK,KPEL,KPITTECH,KRBL,KRISHNA,KTKBANK,KUMARS,LALPATHLAB,LAURUSLABS,LEMONTREE,LICHSGFIN,LINDEINDIA,LT,LTTS,LUPIN,LUXIND,M& M,M&M,MADURA,MAFATIND,MAHABANK,MAHSCOOTER,MAHSEAMLES,MALWA,MARICO,MARUTI,MASFIN,MASTEK,MATRIX,MAXIND,MCX,MERCK,MERIND,METROPOLIS,MFSL,MGL,MIDHANI,MODIXEROX,MOREPENLAB,MOTHERSON,MOTHERSUMI,MPHASIS,MRF,MRPL,NAGARFERT,NAHAR,NAHARPOLY,NAHARSPING,NAM-INDIA,NATCOPHARM,NATIONAL,NATIONALUM,NAVA,NAVINFLUOR,NCC,NESCO,NESTLEIND,NETWORK18,NFL,NH,NIACL,NILKAMAL,NIRMA,NITCO,NLCINDIA,NMDC,NTPC,OBC,OFSS,OIL,OILCOUNTUB,OLECTRA,OMAXAUTO,OMAXE,ONELIFECAP,ONGC,ONIDA,ORIENTCEM,ORIENTELEC,ORIENTREF,PARAGMILK,PATANJALI,PATNI,PATSPIN,PCBL,PCJEWELLER,PDMJEPAPER,PEL,PENTAFOUR,PENTAMEDIA,PERSISTENT,PETRONET,PFIZER,PGHL,PHIL,PHILIPS,PHOENIX,PIDILITIND,PNB,POLYCAB,POONAWALLA,PRAJIND,PREMIERENE,PRESTIGE,PSIDATA,PUNJABCHEM,PUNJTRACT,QUESS,RAASI,RAIN,RAJESHEXPO,RALLIS,RAMCOCEM,RATNAMANI,RAYMOND,RBLBANK,RCF,RECKITT,RECLTD,REIAGRO,RELAXO,RELCAPITAL,RELIANCE,RELINFRA,RELMEDIA,RESPONIND,RITES,RPGTRANS,RPOWER,RSWM,RVNL,SAIL,SANGHI,SANOFI,SAREGAMA,SBILIFE,SCHAEFFLER,SCHENECT,SCI,SESASTERL,SESHAPAPER,SFL,SHAWWALLA,SHILPAMED,SHK,SHOPERSTOP,SHREECEM,SHRIRAMFIN,SHYAMTEL,SIEMENS,SIS,SJVN,SKFINDIA,SKSMICRO,SOLARINDS,SONATSOFTW,SOUTHBANK,SPARC,SRF,STAR,STARCEMENT,STYROLUT,SUNCLAY,SUNDARMFIN,SUNDRMFAST,SUNPHARMA,SUPRAJIT,SUPREMEIND,SUVEN,SYMPHONY,SYNGENE,TAKE,TATACHEM,TATACONSUM,TATAELXSI,TATAINVEST,TATAMETAL,TATAMOTORS,TATAPOWER,TATASTEEL,TCIEXP,TCNSCLOTH,TCS,TEAMLEASE,TECHNOE,THERMAX,THIRU,THYROCARE,TIINDIA,TIMETECHNO,TIMEX,TIMKEN,TITAN,TMCV,TORNTPHARM,TORNTPOWER,TRANSPEK,TRENT,TRIDENT,TTKPRESTIG,TVTODAY,UBL,UCALFUEL,UFLEX,UJJIVAN,ULTRACEMCO,UNIONBANK,UNOMINDA,URBANCO,VARROC,VARUN,VBL,VENKEYS,VISHAL,VMART,VOLTAS,VTL,WELENT,WIDIA,WIMCO,WINDMACH,WIPRO,WOCKPHARMA,WSI,WSTCSTPAPR,ZENSARTECH,ZYDUSWELL"
2019-12-27,Nifty500,"TRITURBINE,TASTYBITE,SPICEJET,SPANDANA,WESTLIFE,INDIAMART,ASAHIINDIA,AARTIIND,KENNAMET","OBC,TATACHEM,J&KBANK,MAXIND,HATHWAY,DEN,DHANBANK,J&KBANK,J&KBANK","3MINDIA,AARTIIND,AAVAS,ABBOTINDIA,ABCAPITAL,ABREL,ACC,ADANIENSOL,ADANIPOWER,ADVENZYMES,AEGISLOG,AFFLE,AGCNETWO,AIAENG,AKZOINDIA,ALKEM,ALLCARGO,ALTOS,AMBALAL,AMBER,AMBUJACEM,APLAPOLLO,APOLLOHOSP,APOLLOTYRE,APPAPER,APPLE,ARVIND,ASAHIINDIA,ASHOKLEY,ASIANPAINT,ASTERDM,ASTRAZENCA,ATGL,ATUL,ATULAUTO,AUBANK,AVANTIFEED,AVERY,AXISBANK,BAJAJ,BAJAJ-AUTO,BAJAJHLDNG,BAJFINANCE,BALMLAWRIE,BALRAMCHIN,BANKBARODA,BASF,BATAINDIA,BAYERCROP,BBTC,BDL,BEL,BEML,BERGEPAINT,BHARATFORG,BHARTIARTL,BHEL,BI,BIOCON,BIRLACORPN,BLISSGVS,BLUEDART,BLUESTARCO,BOMDYEING,BOSCH-HCIL,BOSCHLTD,BPCL,BRIGADE,BRITANNIA,BSE,BSOFT,CABLE,CANBK,CANFINHOME,CAPLIN,CASTROLIND,CCL,CDSL,CEATLTD,CENTRALBK,CERA,CESC,CGCL,CHALET,CHAMBLFERT,CHEMINOR,CHENNPETRO,CHETTINAD,CHOLAFIN,CHOLAHLDNG,CIPLA,CMC,COALINDIA,COCHINSHIP,COFORGE,COLPAL,CONCOR,CONSOFINVT,COROMANDEL,CREDITACC,CRISIL,CROMPTON,CUB,CUMMINSIND,CYBERTECH,DABUR,DALMIASUG,DBCORP,DBL,DCAL,DCLPOLYE,DCW,DEEPAKFERT,DEEPAKNTR,DHAMPURSUG,DHFL,DICIND,DIGJAMLMTD,DISHTV,DLF,DMART,DRREDDY,DSQSOFTW,ECLERX,EICHERMOT,EIDPARRY,EIHOTEL,ELECON,ELGIEQUIP,ELGIRUBCO,ENDURANCE,ENERGY,ENGINERSIN,ERIS,ESCORTS,ESSAR,EXCELINDUS,EXIDEIND,FACT,FDC,FEDERALBNK,FINCABLES,FLFL,FMGOETZE,FORTIS,FOSECOIND,FULFORD,GAEL,GAIL,GALAXYSURF,GANESHBE,GARDEN,GARWARE,GAYAPROJ,GESHIP,GHCL,GICRE,GILLETTE,GLAXO,GLENMARK,GLFL,GMDCLTD,GNFC,GODFRYPHLP,GODREJAGRO,GODREJCP,GODREJIND,GOKEX,GOODRICKE,GOODYEAR,GPPL,GRANULES,GRAPHITE,GRASIM,GREAVESCOT,GRINDWELL,GSFC,GSPL,GUJALKALI,GUJGASLTD,GVT&D,HAL,HARRMALAYA,HATSUN,HAVELLS,HCLTECH,HDFC,HDFCAMC,HDFCBANK,HDFCLIFE,HEALTHCARE,HEG,HEIDELBERG,HERBERTS,HERITGFOOD,HEROMOTOCO,HEXT,HIMACHAL,HIMATSEIDE,HINDALCO,HINDCOPPER,HINDPETRO,HINDSYNTEX,HINDUNILVR,HINDUSTAN,HINDZINC,HOGANAS,HONAUT,HSCL,HUBTOWN,IBREALEST,IBULLSLTD,IBVENTURES,ICICI,ICICIBANK,ICICIGI,ICICIPRULI,ICRA,IDBI,IDFCFIRSTB,IFBIND,IFCI,IGL,IIFL,INDHOTEL,INDIACEM,INDIAGLYCO,INDIAMART,INDIANB,INDIGO,INDUSINDBK,INDUSTOWER,INFIBEAM,INFY,INSILCO,INTELLECT,IOB,IOC,IONEXCHANG,IPCALAB,IPRINGS,IRCON,ISMT,ITC,ITDC,ITDCEMEN,ITI,ITIETF,ITWSIGNO,JAGRAN,JAICORPLTD,JBCHEPHARM,JBMA,JGCHEM,JINDALPHOT,JINDALSAW,JINDALSTEL,JISLJALEQS,JKCEMENT,JKPAPER,JKTYRE,JSL,JUBLFOOD,JUBLINGRY,KAJARIACER,KANSAINER,KARURVYSYA,KARUTURI,KEI,KINETIC,KMSUGAR,KNRCON,KOHINOOR,KOTAKBANK,KPEL,KPITTECH,KRBL,KRISHNA,KTKBANK,KUMARS,LALPATHLAB,LAURUSLABS,LEMONTREE,LICHSGFIN,LINDEINDIA,LT,LTTS,LUPIN,LUXIND,M& M,M&M,MADURA,MAFATIND,MAHABANK,MAHSCOOTER,MAHSEAMLES,MALWA,MARICO,MARUTI,MASFIN,MASTEK,MATRIX,MCX,MERCK,MERIND,METROPOLIS,MFSL,MGL,MIDHANI,MODIXEROX,MOREPENLAB,MOTHERSON,MOTHERSUMI,MPHASIS,MRF,MRPL,NAGARFERT,NAHAR,NAHARPOLY,NAHARSPING,NAM-INDIA,NATCOPHARM,NATIONAL,NATIONALUM,NAVA,NAVINFLUOR,NCC,NESCO,NESTLEIND,NETWORK18,NFL,NH,NIACL,NILKAMAL,NIRMA,NITCO,NLCINDIA,NMDC,NTPC,OFSS,OIL,OILCOUNTUB,OLECTRA,OMAXAUTO,OMAXE,ONELIFECAP,ONGC,ONIDA,ORIENTCEM,ORIENTELEC,PARAGMILK,PATANJALI,PATNI,PATSPIN,PCBL,PCJEWELLER,PDMJEPAPER,PEL,PENTAFOUR,PENTAMEDIA,PERSISTENT,PETRONET,PFIZER,PGHL,PHIL,PHILIPS,PHOENIX,PIDILITIND,PNB,POLYCAB,POONAWALLA,PRAJIND,PREMIERENE,PRESTIGE,PSIDATA,PUNJABCHEM,PUNJTRACT,QUESS,RAASI,RAIN,RAJESHEXPO,RALLIS,RAMCOCEM,RATNAMANI,RAYMOND,RBLBANK,RCF,RECKITT,RECLTD,REIAGRO,RELAXO,RELCAPITAL,RELIANCE,RELINFRA,RELMEDIA,RESPONIND,RITES,RPGTRANS,RPOWER,RSWM,RVNL,SAIL,SANGHI,SANOFI,SAREGAMA,SBILIFE,SCHAEFFLER,SCHENECT,SCI,SESASTERL,SESHAPAPER,SFL,SHAWWALLA,SHILPAMED,SHK,SHOPERSTOP,SHREECEM,SHRIRAMFIN,SHYAMTEL,SIEMENS,SIS,SJVN,SKFINDIA,SKSMICRO,SOLARINDS,SONATSOFTW,SOUTHBANK,SPARC,SPICEJET,SRF,STAR,STARCEMENT,STYROLUT,SUNCLAY,SUNDARMFIN,SUNDRMFAST,SUNPHARMA,SUPRAJIT,SUPREMEIND,SUVEN,SYMPHONY,SYNGENE,TAKE,TASTYBITE,TATACONSUM,TATAELXSI,TATAINVEST,TATAMETAL,TATAMOTORS,TATAPOWER,TATASTEEL,TCIEXP,TCNSCLOTH,TCS,TEAMLEASE,TECHNOE,THERMAX,THIRU,THYROCARE,TIINDIA,TIMETECHNO,TIMEX,TIMKEN,TITAN,TMCV,TORNTPHARM,TORNTPOWER,TRANSPEK,TRENT,TRIDENT,TRITURBINE,TTKPRESTIG,TVTODAY,UBL,UCALFUEL,UFLEX,UJJIVAN,ULTRACEMCO,UNIONBANK,UNOMINDA,URBANCO,VARROC,VARUN,VBL,VENKEYS,VISHAL,VMART,VOLTAS,VTL,WELENT,WESTLIFE,WIDIA,WIMCO,WINDMACH,WIPRO,WOCKPHARMA,WSI,WSTCSTPAPR,ZENSARTECH,ZYDUSWELL"
2020-01-16,Nifty500,TATASTEEL,SUVEN,"3MINDIA,AARTIIND,AAVAS,ABB,ABBOTINDIA,ABCAPITAL,ABREL,ACC,ADANIENSOL,ADANIPOWER,ADVENZYMES,AEGISLOG,AFFLE,AGCNETWO,AIAENG,AKZOINDIA,ALKEM,ALLCARGO,ALTOS,AMBALAL,AMBER,AMBUJACEM,APLAPOLLO,APOLLOHOSP,APOLLOTYRE,APPAPER,APPLE,ARVIND,ASAHIINDIA,ASHOKLEY,ASIANPAINT,ASTERDM,ASTRAZENCA,ATGL,ATUL,ATULAUTO,AUBANK,AVANTIFEED,AVERY,AXISBANK,BAJAJ,BAJAJ-AUTO,BAJAJHLDNG,BAJFINANCE,BALMLAWRIE,BALRAMCHIN,BANKBARODA,BASF,BATAINDIA,BAYERCROP,BBTC,BDL,BEL,BEML,BERGEPAINT,BHARATFORG,BHARTIARTL,BHEL,BI,BIOCON,BIRLACORPN,BLISSGVS,BLUEDART,BLUESTARCO,BOMDYEING,BOSCH-HCIL,BOSCHLTD,BPCL,BRIGADE,BRITANNIA,BSE,BSOFT,CABLE,CANBK,CANFINHOME,CAPLIN,CASTROLIND,CCL,CDSL,CEATLTD,CENTRALBK,CERA,CESC,CGCL,CHALET,CHAMBLFERT,CHEMINOR,CHENNPETRO,CHETTINAD,CHOLAFIN,CHOLAHLDNG,CIPLA,CMC,COALINDIA,COCHINSHIP,COFORGE,COLPAL,CONCOR,CONSOFINVT,COROMANDEL,CREDITACC,CRISIL,CROMPTON,CUB,CUMMINSIND,CYBERTECH,DABUR,DALMIASUG,DBCORP,DBL,DCAL,DCLPOLYE,DCW,DEEPAKFERT,DEEPAKNTR,DHAMPURSUG,DHFL,DICIND,DIGJAMLMTD,DISHTV,DLF,DMART,DRREDDY,DSQSOFTW,ECLERX,EICHERMOT,EIDPARRY,EIHOTEL,ELECON,ELGIEQUIP,ELGIRUBCO,ENDURANCE,ENERGY,ENGINERSIN,ERIS,ESCORTS,ESSAR,EXCELINDUS,EXIDEIND,FACT,FDC,FEDERALBNK,FINCABLES,FLFL,FMGOETZE,FORTIS,FOSECOIND,FULFORD,GAEL,GAIL,GALAXYSURF,GANESHBE,GARDEN,GARWARE,GAYAPROJ,GESHIP,GHCL,GICRE,GILLETTE,GLAXO,GLENMARK,GLFL,GMDCLTD,GNFC,GODFRYPHLP,GODREJAGRO,GODREJCP,GODREJIND,GOKEX,GOODRICKE,GOODYEAR,GPPL,GRANULES,GRAPHITE,GRASIM,GREAVESCOT,GRINDWELL,GSFC,GSPL,GUJALKALI,GUJGASLTD,GVT&D,HAL,HARRMALAYA,HATSUN,HAVELLS,HCLTECH,HDFC,HDFCAMC,HDFCBANK,HDFCLIFE,HEALTHCARE,HEG,HEIDELBERG,HERBERTS,HERITGFOOD,HEROMOTOCO,HEXT,HIMACHAL,HIMATSEIDE,HINDALCO,HINDCOPPER,HINDPETRO,HINDSYNTEX,HINDUNILVR,HINDUSTAN,HINDZINC,HOGANAS,HONAUT,HSCL,HUBTOWN,IBREALEST,IBULLSLTD,IBVENTURES,ICICI,ICICIBANK,ICICIGI,ICICIPRULI,ICRA,IDBI,IDFCFIRSTB,IFBIND,IFCI,IGL,IIFL,INDHOTEL,INDIACEM,INDIAGLYCO,INDIAMART,INDIANB,INDIGO,INDUSINDBK,INDUSTOWER,INFIBEAM,INFY,INSILCO,INTELLECT,IOB,IOC,IONEXCHANG,IPCALAB,IPRINGS,IRCON,ISMT,ITC,ITDC,ITDCEMEN,ITI,ITIETF,ITWSIGNO,JAGRAN,JAICORPLTD,JBCHEPHARM,JBMA,JGCHEM,JINDALPHOT,JINDALSAW,JINDALSTEL,JISLJALEQS,JKCEMENT,JKPAPER,JKTYRE,JSL,JUBLFOOD,JUBLINGRY,KAJARIACER,KANSAINER,KARURVYSYA,KARUTURI,KEI,KINETIC,KMSUGAR,KNRCON,KOHINOOR,KOTAKBANK,KPEL,KPITTECH,KRBL,KRISHNA,KTKBANK,KUMARS,LALPATHLAB,LAURUSLABS,LEMONTREE,LICHSGFIN,LINDEINDIA,LT,LTTS,LUPIN,LUXIND,M& M,M&M,MADURA,MAFATIND,MAHABANK,MAHSCOOTER,MAHSEAMLES,MALWA,MARICO,MARUTI,MASFIN,MASTEK,MATRIX,MCX,MERCK,MERIND,METROPOLIS,MFSL,MGL,MIDHANI,MODIXEROX,MOREPENLAB,MOTHERSON,MOTHERSUMI,MPHASIS,MRF,MRPL,NAGARFERT,NAHAR,NAHARPOLY,NAHARSPING,NAM-INDIA,NATCOPHARM,NATIONAL,NATIONALUM,NAVA,NAVINFLUOR,NCC,NESCO,NESTLEIND,NETWORK18,NFL,NH,NIACL,NILKAMAL,NIRMA,NITCO,NLCINDIA,NMDC,NTPC,OFSS,OIL,OILCOUNTUB,OLECTRA,OMAXAUTO,OMAXE,ONELIFECAP,ONGC,ONIDA,ORIENTCEM,ORIENTELEC,PARAGMILK,PATANJALI,PATNI,PATSPIN,PCBL,PCJEWELLER,PDMJEPAPER,PEL,PENTAFOUR,PENTAMEDIA,PERSISTENT,PETRONET,PFIZER,PGHL,PHIL,PHILIPS,PHOENIX,PIDILITIND,PNB,POLYCAB,POONAWALLA,PRAJIND,PREMIERENE,PRESTIGE,PSIDATA,PUNJABCHEM,PUNJTRACT,QUESS,RAASI,RAIN,RAJESHEXPO,RALLIS,RAMCOCEM,RATNAMANI,RAYMOND,RBLBANK,RCF,RECKITT,RECLTD,REIAGRO,RELAXO,RELCAPITAL,RELIANCE,RELINFRA,RELMEDIA,RESPONIND,RITES,RPGTRANS,RPOWER,RSWM,RVNL,SAIL,SANGHI,SANOFI,SAREGAMA,SBILIFE,SCHAEFFLER,SCHENECT,SCI,SESASTERL,SESHAPAPER,SFL,SHAWWALLA,SHILPAMED,SHK,SHOPERSTOP,SHREECEM,SHRIRAMFIN,SHYAMTEL,SIEMENS,SIS,SJVN,SKFINDIA,SKSMICRO,SOLARINDS,SONATSOFTW,SOUTHBANK,SPARC,SPICEJET,SRF,STAR,STARCEMENT,STYROLUT,SUNCLAY,SUNDARMFIN,SUNDRMFAST,SUNPHARMA,SUPRAJIT,SUPREMEIND,SYMPHONY,SYNGENE,TAKE,TASTYBITE,TATACONSUM,TATAELXSI,TATAINVEST,TATAMETAL,TATAMOTORS,TATAPOWER,TATASTEEL,TCIEXP,TCNSCLOTH,TCS,TEAMLEASE,TECHNOE,THERMAX,THIRU,THYROCARE,TIINDIA,TIMETECHNO,TIMEX,TIMKEN,TITAN,TMCV,TORNTPHARM,TORNTPOWER,TRANSPEK,TRENT,TRIDENT,TRITURBINE,TTKPRESTIG,TVTODAY,UBL,UCALFUEL,UFLEX,UJJIVAN,ULTRACEMCO,UNIONBANK,UNOMINDA,URBANCO,VARROC,VARUN,VBL,VENKEYS,VISHAL,VMART,VOLTAS,VTL,WELENT,WESTLIFE,WIDIA,WIMCO,WINDMACH,WIPRO,WOCKPHARMA,WSI,WSTCSTPAPR,ZENSARTECH,ZYDUSWELL"
2020-03-19,Nifty500,SWSOLAR,YESBANK,"3MINDIA,AARTIIND,AAVAS,ABB,ABBOTINDIA,ABCAPITAL,ABREL,ACC,ADANIENSOL,ADANIPOWER,ADVENZYMES,AEGISLOG,AFFLE,AGCNETWO,AIAENG,AKZOINDIA,ALKEM,ALLCARGO,ALTOS,AMBALAL,AMBER,AMBUJACEM,APLAPOLLO,APOLLOHOSP,APOLLOTYRE,APPAPER,APPLE,ARVIND,ASAHIINDIA,ASHOKLEY,ASIANPAINT,ASTERDM,ASTRAZENCA,ATGL,ATUL,ATULAUTO,AUBANK,AVANTIFEED,AVERY,AXISBANK,BAJAJ,BAJAJ-AUTO,BAJAJHLDNG,BAJFINANCE,BALMLAWRIE,BALRAMCHIN,BANKBARODA,BASF,BATAINDIA,BAYERCROP,BBTC,BDL,BEL,BEML,BERGEPAINT,BHARATFORG,BHARTIARTL,BHEL,BI,BIOCON,BIRLACORPN,BLISSGVS,BLUEDART,BLUESTARCO,BOMDYEING,BOSCH-HCIL,BOSCHLTD,BPCL,BRIGADE,BRITANNIA,BSE,BSOFT,CABLE,CANBK,CANFINHOME,CAPLIN,CASTROLIND,CCL,CDSL,CEATLTD,CENTRALBK,CERA,CESC,CGCL,CHALET,CHAMBLFERT,CHEMINOR,CHENNPETRO,CHETTINAD,CHOLAFIN,CHOLAHLDNG,CIPLA,CMC,COALINDIA,COCHINSHIP,COFORGE,COLPAL,CONCOR,CONSOFINVT,COROMANDEL,CREDITACC,CRISIL,CROMPTON,CUB,CUMMINSIND,CYBERTECH,DABUR,DALMIASUG,DBCORP,DBL,DCAL,DCLPOLYE,DCW,DEEPAKFERT,DEEPAKNTR,DHAMPURSUG,DHFL,DICIND,DIGJAMLMTD,DISHTV,DLF,DMART,DRREDDY,DSQSOFTW,ECLERX,EICHERMOT,EIDPARRY,EIHOTEL,ELECON,ELGIEQUIP,ELGIRUBCO,ENDURANCE,ENERGY,ENGINERSIN,ERIS,ESCORTS,ESSAR,EXCELINDUS,EXIDEIND,FACT,FDC,FEDERALBNK,FINCABLES,FLFL,FMGOETZE,FORTIS,FOSECOIND,FULFORD,GAEL,GAIL,GALAXYSURF,GANESHBE,GARDEN,GARWARE,GAYAPROJ,GESHIP,GHCL,GICRE,GILLETTE,GLAXO,GLENMARK,GLFL,GMDCLTD,GNFC,GODFRYPHLP,GODREJAGRO,GODREJCP,GODREJIND,GOKEX,GOODRICKE,GOODYEAR,GPPL,GRANULES,GRAPHITE,GRASIM,GREAVESCOT,GRINDWELL,GSFC,GSPL,GUJALKALI,GUJGASLTD,GVT&D,HAL,HARRMALAYA,HATSUN,HAVELLS,HCLTECH,HDFC,HDFCAMC,HDFCBANK,HDFCLIFE,HEALTHCARE,HEG,HEIDELBERG,HERBERTS,HERITGFOOD,HEROMOTOCO,HEXT,HIMACHAL,HIMATSEIDE,HINDALCO,HINDCOPPER,HINDPETRO,HINDSYNTEX,HINDUNILVR,HINDUSTAN,HINDZINC,HOGANAS,HONAUT,HSCL,HUBTOWN,IBREALEST,IBULLSLTD,IBVENTURES,ICICI,ICICIBANK,ICICIGI,ICICIPRULI,ICRA,IDBI,IDFCFIRSTB,IFBIND,IFCI,IGL,IIFL,INDHOTEL,INDIACEM,INDIAGLYCO,INDIAMART,INDIANB,INDIGO,INDUSINDBK,INDUSTOWER,INFIBEAM,INFY,INSILCO,INTELLECT,IOB,IOC,IONEXCHANG,IPCALAB,IPRINGS,IRCON,ISMT,ITC,ITDC,ITDCEMEN,ITI,ITIETF,ITWSIGNO,JAGRAN,JAICORPLTD,JBCHEPHARM,JBMA,JGCHEM,JINDALPHOT,JINDALSAW,JINDALSTEL,JISLJALEQS,JKCEMENT,JKPAPER,JKTYRE,JSL,JUBLFOOD,JUBLINGRY,KAJARIACER,KANSAINER,KARURVYSYA,KARUTURI,KEI,KINETIC,KMSUGAR,KNRCON,KOHINOOR,KOTAKBANK,KPEL,KPITTECH,KRBL,KRISHNA,KTKBANK,KUMARS,LALPATHLAB,LAURUSLABS,LEMONTREE,LICHSGFIN,LINDEINDIA,LT,LTTS,LUPIN,LUXIND,M& M,M&M,MADURA,MAFATIND,MAHABANK,MAHSCOOTER,MAHSEAMLES,MALWA,MARICO,MARUTI,MASFIN,MASTEK,MATRIX,MCX,MERCK,MERIND,METROPOLIS,MFSL,MGL,MIDHANI,MODIXEROX,MOREPENLAB,MOTHERSON,MOTHERSUMI,MPHASIS,MRF,MRPL,NAGARFERT,NAHAR,NAHARPOLY,NAHARSPING,NAM-INDIA,NATCOPHARM,NATIONAL,NATIONALUM,NAVA,NAVINFLUOR,NCC,NESCO,NESTLEIND,NETWORK18,NFL,NH,NIACL,NILKAMAL,NIRMA,NITCO,NLCINDIA,NMDC,NTPC,OFSS,OIL,OILCOUNTUB,OLECTRA,OMAXAUTO,OMAXE,ONELIFECAP,ONGC,ONIDA,ORIENTCEM,ORIENTELEC,PARAGMILK,PATANJALI,PATNI,PATSPIN,PCBL,PCJEWELLER,PDMJEPAPER,PEL,PENTAFOUR,PENTAMEDIA,PERSISTENT,PETRONET,PFIZER,PGHL,PHIL,PHILIPS,PHOENIX,PIDILITIND,PNB,POLYCAB,POONAWALLA,PRAJIND,PREMIERENE,PRESTIGE,PSIDATA,PUNJABCHEM,PUNJTRACT,QUESS,RAASI,RAIN,RAJESHEXPO,RALLIS,RAMCOCEM,RATNAMANI,RAYMOND,RBLBANK,RCF,RECKITT,RECLTD,REIAGRO,RELAXO,RELCAPITAL,RELIANCE,RELINFRA,RELMEDIA,RESPONIND,RITES,RPGTRANS,RPOWER,RSWM,RVNL,SAIL,SANGHI,SANOFI,SAREGAMA,SBILIFE,SCHAEFFLER,SCHENECT,SCI,SESASTERL,SESHAPAPER,SFL,SHAWWALLA,SHILPAMED,SHK,SHOPERSTOP,SHREECEM,SHRIRAMFIN,SHYAMTEL,SIEMENS,SIS,SJVN,SKFINDIA,SKSMICRO,SOLARINDS,SONATSOFTW,SOUTHBANK,SPARC,SPICEJET,SRF,STAR,STARCEMENT,STYROLUT,SUNCLAY,SUNDARMFIN,SUNDRMFAST,SUNPHARMA,SUPRAJIT,SUPREMEIND,SWSOLAR,SYMPHONY,SYNGENE,TAKE,TATACONSUM,TATAELXSI,TATAINVEST,TATAMETAL,TATAMOTORS,TATAPOWER,TATASTEEL,TCIEXP,TCNSCLOTH,TCS,TEAMLEASE,TECHNOE,THERMAX,THIRU,THYROCARE,TIINDIA,TIMETECHNO,TIMEX,TIMKEN,TITAN,TMCV,TORNTPHARM,TORNTPOWER,TRANSPEK,TRENT,TRIDENT,TRITURBINE,TTKPRESTIG,TVTODAY,UBL,UCALFUEL,UFLEX,UJJIVAN,ULTRACEMCO,UNIONBANK,UNOMINDA,URBANCO,VARROC,VARUN,VBL,VENKEYS,VISHAL,VMART,VOLTAS,VTL,WELENT,WESTLIFE,WIDIA,WIMCO,WINDMACH,WIPRO,WOCKPHARMA,WSI,WSTCSTPAPR,ZENSARTECH,ZYDUSWELL"
2020-06-26,Nifty500,"POLYMED,SCHNEIDER,DHANUKA,SEQUENT,SUMICHEM,GMMPFAUDLR,ENGINERSIN,IIFLWEALTH,IRCTC,FLUOROCHEM,CSBBANK,LTF,HATHWAY,JGCHEM,ABB,BHARATRAS,CENTURYTEX,ESABINDIA,INGERRAND,KSB,SCILAL,TATACOMM,LAOPALA,INDOCO,VESUVIUS","IBULLSLTD,GAYAPROJ,TRITURBINE,SUNCLAY,PCJEWELLER,FLFL,SHK,KENNAMET,TECHNOE,CHALET,OIL,PARAGMILK,RESPONIND,RELCAPITAL,RELINFRA,DHFL,FMGOETZE,WABAG,SHILPAMED,NETWORK18,RPOWER,JISLJALEQS,ITDCEMEN,J&KBANK,UYFINCORP","3MINDIA,AARTIIND,AAVAS,ABB,ABBOTINDIA,ABCAPITAL,ABREL,ACC,ADANIENSOL,ADANIPOWER,ADVENZYMES,AEGISLOG,AFFLE,AGCNETWO,AIAENG,AKZOINDIA,ALKEM,ALLCARGO,ALTOS,AMBALAL,AMBER,AMBUJACEM,APLAPOLLO,APOLLOHOSP,APOLLOTYRE,APPAPER,APPLE,ARVIND,ASAHIINDIA,ASHOKLEY,ASIANPAINT,ASTERDM,ASTRAZENCA,ATGL,ATUL,ATULAUTO,AUBANK,AVANTIFEED,AVERY,AXISBANK,BAJAJ,BAJAJ-AUTO,BAJAJHLDNG,BAJFINANCE,BALMLAWRIE,BALRAMCHIN,BANKBARODA,BASF,BATAINDIA,BAYERCROP,BBTC,BDL,BEL,BEML,BERGEPAINT,BHARATFORG,BHARATRAS,BHARTIARTL,BHEL,BI,BIOCON,BIRLACORPN,BLISSGVS,BLUEDART,BLUESTARCO,BOMDYEING,BOSCH-HCIL,BOSCHLTD,BPCL,BRIGADE,BRITANNIA,BSE,BSOFT,CABLE,CANBK,CANFINHOME,CAPLIN,CASTROLIND,CCL,CDSL,CEATLTD,CENTRALBK,CENTURYTEX,CERA,CESC,CGCL,CHAMBLFERT,CHEMINOR,CHENNPETRO,CHETTINAD,CHOLAFIN,CHOLAHLDNG,CIPLA,CMC,COALINDIA,COCHINSHIP,COFORGE,COLPAL,CONCOR,CONSOFINVT,COROMANDEL,CREDITACC,CRISIL,CROMPTON,CSBBANK,CUB,CUMMINSIND,CYBERTECH,DABUR,DALMIASUG,DBCORP,DBL,DCAL,DCLPOLYE,DCW,DEEPAKFERT,DEEPAKNTR,DHAMPURSUG,DHANUKA,DICIND,DIGJAMLMTD,DISHTV,DLF,DMART,DRREDDY,DSQSOFTW,ECLERX,EICHERMOT,EIDPARRY,EIHOTEL,ELECON,ELGIEQUIP,ELGIRUBCO,ENDURANCE,ENERGY,ENGINERSIN,ERIS,ESABINDIA,ESCORTS,ESSAR,EXCELINDUS,EXIDEIND,FACT,FDC,FEDERALBNK,FINCABLES,FLUOROCHEM,FORTIS,FOSECOIND,FULFORD,GAEL,GAIL,GALAXYSURF,GANESHBE,GARDEN,GARWARE,GESHIP,GHCL,GICRE,GILLETTE,GLAXO,GLENMARK,GLFL,GMDCLTD,GMMPFAUDLR,GNFC,GODFRYPHLP,GODREJAGRO,GODREJCP,GODREJIND,GOKEX,GOODRICKE,GOODYEAR,GPPL,GRANULES,GRAPHITE,GRASIM,GREAVESCOT,GRINDWELL,GSFC,GSPL,GUJALKALI,GUJGASLTD,GVT&D,HAL,HARRMALAYA,HATHWAY,HATSUN,HAVELLS,HCLTECH,HDFC,HDFCAMC,HDFCBANK,HDFCLIFE,HEALTHCARE,HEG,HEIDELBERG,HERBERTS,HERITGFOOD,HEROMOTOCO,HEXT,HIMACHAL,HIMATSEIDE,HINDALCO,HINDCOPPER,HINDPETRO,HINDSYNTEX,HINDUNILVR,HINDUSTAN,HINDZINC,HOGANAS,HONAUT,HSCL,HUBTOWN,IBREALEST,IBVENTURES,ICICI,ICICIBANK,ICICIGI,ICICIPRULI,ICRA,IDBI,IDFCFIRSTB,IFBIND,IFCI,IGL,IIFL,INDHOTEL,INDIACEM,INDIAGLYCO,INDIAMART,INDIANB,INDIGO,INDOCO,INDUSINDBK,INDUSTOWER,INFIBEAM,INFY,INGERRAND,INSILCO,INTELLECT,IOB,IOC,IONEXCHANG,IPCALAB,IPRINGS,IRCON,IRCTC,ISMT,ITC,ITDC,ITI,ITIETF,ITWSIGNO,JAGRAN,JAICORPLTD,JBCHEPHARM,JBMA,JGCHEM,JINDALPHOT,JINDALSAW,JINDALSTEL,JKCEMENT,JKPAPER,JKTYRE,JSL,JUBLFOOD,JUBLINGRY,KAJARIACER,KANSAINER,KARURVYSYA,KARUTURI,KEI,KINETIC,KMSUGAR,KNRCON,KOHINOOR,KOTAKBANK,KPEL,KPITTECH,KRBL,KRISHNA,KSB,KTKBANK,KUMARS,LALPATHLAB,LAOPALA,LAURUSLABS,LEMONTREE,LICHSGFIN,LINDEINDIA,LT,LTF,LTTS,LUPIN,LUXIND,M& M,M&M,MADURA,MAFATIND,MAHABANK,MAHSCOOTER,MAHSEAMLES,MALWA,MARICO,MARUTI,MASFIN,MASTEK,MATRIX,MCX,MERCK,MERIND,METROPOLIS,MFSL,MGL,MIDHANI,MODIXEROX,MOREPENLAB,MOTHERSON,MOTHERSUMI,MPHASIS,MRF,MRPL,NAGARFERT,NAHAR,NAHARPOLY,NAHARSPING,NAM-INDIA,NATCOPHARM,NATIONAL,NATIONALUM,NAVA,NAVINFLUOR,NCC,NESCO,NESTLEIND,NFL,NH,NIACL,NILKAMAL,NIRMA,NITCO,NLCINDIA,NMDC,NTPC,OFSS,OILCOUNTUB,OLECTRA,OMAXAUTO,OMAXE,ONELIFECAP,ONGC,ONIDA,ORIENTCEM,ORIENTELEC,PATANJALI,PATNI,PATSPIN,PCBL,PDMJEPAPER,PEL,PENTAFOUR,PENTAMEDIA,PERSISTENT,PETRONET,PFIZER,PGHL,PHIL,PHILIPS,PHOENIX,PIDILITIND,PNB,POLYCAB,POLYMED,POONAWALLA,PRAJIND,PREMIERENE,PRESTIGE,PSIDATA,PUNJABCHEM,PUNJTRACT,QUESS,RAASI,RAIN,RAJESHEXPO,RALLIS,RAMCOCEM,RATNAMANI,RAYMOND,RBLBANK,RCF,RECKITT,RECLTD,REIAGRO,RELAXO,RELIANCE,RELMEDIA,RITES,RPGTRANS,RSWM,RVNL,SAIL,SANGHI,SANOFI,SAREGAMA,SBILIFE,SCHAEFFLER,SCHENECT,SCHNEIDER,SCI,SCILAL,SEQUENT,SESASTERL,SESHAPAPER,SFL,SHAWWALLA,SHOPERSTOP,SHREECEM,SHRIRAMFIN,SHYAMTEL,SIEMENS,SIS,SJVN,SKFINDIA,SKSMICRO,SOLARINDS,SONATSOFTW,SOUTHBANK,SPARC,SPICEJET,SRF,STAR,STARCEMENT,STYROLUT,SUMICHEM,SUNDARMFIN,SUNDRMFAST,SUNPHARMA,SUPRAJIT,SUPREMEIND,SWSOLAR,SYMPHONY,SYNGENE,TAKE,TATACOMM,TATACONSUM,TATAELXSI,TATAINVEST,TATAMETAL,TATAMOTORS,TATAPOWER,TATASTEEL,TCIEXP,TCNSCLOTH,TCS,TEAMLEASE,THERMAX,THIRU,THYROCARE,TIINDIA,TIMETECHNO,TIMEX,TIMKEN,TITAN,TMCV,TORNTPHARM,TORNTPOWER,TRANSPEK,TRENT,TRIDENT,TTKPRESTIG,TVTODAY,UBL,UCALFUEL,UFLEX,UJJIVAN,ULTRACEMCO,UNIONBANK,UNOMINDA,URBANCO,VARROC,VARUN,VBL,VENKEYS,VESUVIUS,VISHAL,VMART,VOLTAS,VTL,WELENT,WESTLIFE,WIDIA,WIMCO,WINDMACH,WIPRO,WOCKPHARMA,WSI,WSTCSTPAPR,ZENSARTECH,ZYDUSWELL"
2020-07-31,Nifty500,SBICARD,VEDL,"3MINDIA,AARTIIND,AAVAS,ABB,ABBOTINDIA,ABCAPITAL,ABREL,ACC,ADANIENSOL,ADANIPOWER,ADVENZYMES,AEGISLOG,AFFLE,AGCNETWO,AIAENG,AKZOINDIA,ALKEM,ALLCARGO,ALTOS,AMBALAL,AMBER,AMBUJACEM,APLAPOLLO,APOLLOHOSP,APOLLOTYRE,APPAPER,APPLE,ARVIND,ASAHIINDIA,ASHOKLEY,ASIANPAINT,ASTERDM,ASTRAZENCA,ATGL,ATUL,ATULAUTO,AUBANK,AVANTIFEED,AVERY,AXISBANK,BAJAJ,BAJAJ-AUTO,BAJAJHLDNG,BAJFINANCE,BALMLAWRIE,BALRAMCHIN,BANKBARODA,BASF,BATAINDIA,BAYERCROP,BBTC,BDL,BEL,BEML,BERGEPAINT,BHARATFORG,BHARATRAS,BHARTIARTL,BHEL,BI,BIOCON,BIRLACORPN,BLISSGVS,BLUEDART,BLUESTARCO,BOMDYEING,BOSCH-HCIL,BOSCHLTD,BPCL,BRIGADE,BRITANNIA,BSE,BSOFT,CABLE,CANBK,CANFINHOME,CAPLIN,CASTROLIND,CCL,CDSL,CEATLTD,CENTRALBK,CENTURYTEX,CERA,CESC,CGCL,CHAMBLFERT,CHEMINOR,CHENNPETRO,CHETTINAD,CHOLAFIN,CHOLAHLDNG,CIPLA,CMC,COALINDIA,COCHINSHIP,COFORGE,COLPAL,CONCOR,CONSOFINVT,COROMANDEL,CREDITACC,CRISIL,CROMPTON,CSBBANK,CUB,CUMMINSIND,CYBERTECH,DABUR,DALMIASUG,DBCORP,DBL,DCAL,DCLPOLYE,DCW,DEEPAKFERT,DEEPAKNTR,DHAMPURSUG,DICIND,DIGJAMLMTD,DISHTV,DLF,DMART,DRREDDY,DSQSOFTW,ECLERX,EICHERMOT,EIDPARRY,EIHOTEL,ELECON,ELGIEQUIP,ELGIRUBCO,ENDURANCE,ENERGY,ENGINERSIN,ERIS,ESABINDIA,ESCORTS,ESSAR,EXCELINDUS,EXIDEIND,FACT,FDC,FEDERALBNK,FINCABLES,FLUOROCHEM,FORTIS,FOSECOIND,FULFORD,GAEL,GAIL,GALAXYSURF,GANESHBE,GARDEN,GARWARE,GESHIP,GHCL,GICRE,GILLETTE,GLAXO,GLENMARK,GLFL,GMDCLTD,GMMPFAUDLR,GNFC,GODFRYPHLP,GODREJAGRO,GODREJCP,GODREJIND,GOKEX,GOODRICKE,GOODYEAR,GPPL,GRANULES,GRAPHITE,GRASIM,GREAVESCOT,GRINDWELL,GSFC,GSPL,GUJALKALI,GUJGASLTD,GVT&D,HAL,HARRMALAYA,HATHWAY,HATSUN,HAVELLS,HCLTECH,HDFC,HDFCAMC,HDFCBANK,HDFCLIFE,HEALTHCARE,HEG,HEIDELBERG,HERBERTS,HERITGFOOD,HEROMOTOCO,HEXT,HIMACHAL,HIMATSEIDE,HINDALCO,HINDCOPPER,HINDPETRO,HINDSYNTEX,HINDUNILVR,HINDUSTAN,HINDZINC,HOGANAS,HONAUT,HSCL,HUBTOWN,IBREALEST,IBVENTURES,ICICI,ICICIBANK,ICICIGI,ICICIPRULI,ICRA,IDBI,IDFCFIRSTB,IFBIND,IFCI,IGL,IIFL,INDHOTEL,INDIACEM,INDIAGLYCO,INDIAMART,INDIANB,INDIGO,INDOCO,INDUSINDBK,INDUSTOWER,INFIBEAM,INFY,INGERRAND,INSILCO,INTELLECT,IOB,IOC,IONEXCHANG,IPCALAB,IPRINGS,IRCON,IRCTC,ISMT,ITC,ITDC,ITI,ITIETF,ITWSIGNO,JAGRAN,JAICORPLTD,JBCHEPHARM,JBMA,JGCHEM,JINDALPHOT,JINDALSAW,JINDALSTEL,JKCEMENT,JKPAPER,JKTYRE,JSL,JUBLFOOD,JUBLINGRY,KAJARIACER,KANSAINER,KARURVYSYA,KARUTURI,KEI,KINETIC,KMSUGAR,KNRCON,KOHINOOR,KOTAKBANK,KPEL,KPITTECH,KRBL,KRISHNA,KSB,KTKBANK,KUMARS,LALPATHLAB,LAOPALA,LAURUSLABS,LEMONTREE,LICHSGFIN,LINDEINDIA,LT,LTF,LTTS,LUPIN,LUXIND,M& M,M&M,MADURA,MAFATIND,MAHABANK,MAHSCOOTER,MAHSEAMLES,MALWA,MARICO,MARUTI,MASFIN,MASTEK,MATRIX,MCX,MERCK,MERIND,METROPOLIS,MFSL,MGL,MIDHANI,MODIXEROX,MOREPENLAB,MOTHERSON,MOTHERSUMI,MPHASIS,MRF,MRPL,NAGARFERT,NAHAR,NAHARPOLY,NAHARSPING,NAM-INDIA,NATCOPHARM,NATIONAL,NATIONALUM,NAVA,NAVINFLUOR,NCC,NESCO,NESTLEIND,NFL,NH,NIACL,NILKAMAL,NIRMA,NITCO,NLCINDIA,NMDC,NTPC,OFSS,OILCOUNTUB,OLECTRA,OMAXAUTO,OMAXE,ONELIFECAP,ONGC,ONIDA,ORIENTCEM,ORIENTELEC,PATANJALI,PATNI,PATSPIN,PCBL,PDMJEPAPER,PEL,PENTAFOUR,PENTAMEDIA,PERSISTENT,PETRONET,PFIZER,PGHL,PHIL,PHILIPS,PHOENIX,PIDILITIND,PNB,POLYCAB,POLYMED,POONAWALLA,PRAJIND,PREMIERENE,PRESTIGE,PSIDATA,PUNJABCHEM,PUNJTRACT,QUESS,RAASI,RAIN,RAJESHEXPO,RALLIS,RAMCOCEM,RATNAMANI,RAYMOND,RBLBANK,RCF,RECKITT,RECLTD,REIAGRO,RELAXO,RELIANCE,RELMEDIA,RITES,RPGTRANS,RSWM,RVNL,SAIL,SANGHI,SANOFI,SAREGAMA,SBICARD,SBILIFE,SCHAEFFLER,SCHENECT,SCHNEIDER,SCI,SCILAL,SEQUENT,SESASTERL,SESHAPAPER,SFL,SHAWWALLA,SHOPERSTOP,SHREECEM,SHRIRAMFIN,SHYAMTEL,SIEMENS,SIS,SJVN,SKFINDIA,SKSMICRO,SOLARINDS,SONATSOFTW,SOUTHBANK,SPARC,SPICEJET,SRF,STAR,STARCEMENT,STYROLUT,SUMICHEM,SUNDARMFIN,SUNDRMFAST,SUNPHARMA,SUPRAJIT,SUPREMEIND,SWSOLAR,SYMPHONY,SYNGENE,TAKE,TATACOMM,TATACONSUM,TATAELXSI,TATAINVEST,TATAMETAL,TATAMOTORS,TATAPOWER,TATASTEEL,TCIEXP,TCNSCLOTH,TCS,TEAMLEASE,THERMAX,THIRU,THYROCARE,TIINDIA,TIMETECHNO,TIMEX,TIMKEN,TITAN,TMCV,TORNTPHARM,TORNTPOWER,TRANSPEK,TRENT,TRIDENT,TTKPRESTIG,TVTODAY,UBL,UCALFUEL,UFLEX,UJJIVAN,ULTRACEMCO,UNIONBANK,UNOMINDA,URBANCO,VARROC,VARUN,VBL,VENKEYS,VESUVIUS,VISHAL,VMART,VOLTAS,VTL,WELENT,WESTLIFE,WIDIA,WIMCO,WINDMACH,WIPRO,WOCKPHARMA,WSI,WSTCSTPAPR,ZENSARTECH,ZYDUSWELL"
2020-09-14,Nifty500,JTEKTINDIA,ASAHIINDIA,"3MINDIA,AARTIIND,AAVAS,ABB,ABBOTINDIA,ABCAPITAL,ABREL,ACC,ADANIENSOL,ADANIPOWER,ADVENZYMES,AEGISLOG,AFFLE,AGCNETWO,AIAENG,AKZOINDIA,ALKEM,ALLCARGO,ALTOS,AMBALAL,AMBER,AMBUJACEM,APLAPOLLO,APOLLOHOSP,APOLLOTYRE,APPAPER,APPLE,ARVIND,ASHOKLEY,ASIANPAINT,ASTERDM,ASTRAZENCA,ATGL,ATUL,ATULAUTO,AUBANK,AVANTIFEED,AVERY,AXISBANK,BAJAJ,BAJAJ-AUTO,BAJAJHLDNG,BAJFINANCE,BALMLAWRIE,BALRAMCHIN,BANKBARODA,BASF,BATAINDIA,BAYERCROP,BBTC,BDL,BEL,BEML,BERGEPAINT,BHARATFORG,BHARATRAS,BHARTIARTL,BHEL,BI,BIOCON,BIRLACORPN,BLISSGVS,BLUEDART,BLUESTARCO,BOMDYEING,BOSCH-HCIL,BOSCHLTD,BPCL,BRIGADE,BRITANNIA,BSE,BSOFT,CABLE,CANBK,CANFINHOME,CAPLIN,CASTROLIND,CCL,CDSL,CEATLTD,CENTRALBK,CENTURYTEX,CERA,CESC,CGCL,CHAMBLFERT,CHEMINOR,CHENNPETRO,CHETTINAD,CHOLAFIN,CHOLAHLDNG,CIPLA,CMC,COALINDIA,COCHINSHIP,COFORGE,COLPAL,CONCOR,CONSOFINVT,COROMANDEL,CREDITACC,CRISIL,CROMPTON,CSBBANK,CUB,CUMMINSIND,CYBERTECH,DABUR,DALMIASUG,DBCORP,DBL,DCAL,DCLPOLYE,DCW,DEEPAKFERT,DEEPAKNTR,DHAMPURSUG,DICIND,DIGJAMLMTD,DISHTV,DLF,DMART,DRREDDY,DSQSOFTW,ECLERX,EICHERMOT,EIDPARRY,EIHOTEL,ELECON,ELGIEQUIP,ELGIRUBCO,ENDURANCE,ENERGY,ENGINERSIN,ERIS,ESABINDIA,ESCORTS,ESSAR,EXCELINDUS,EXIDEIND,FACT,FDC,FEDERALBNK,FINCABLES,FLUOROCHEM,FORTIS,FOSECOIND,FULFORD,GAEL,GAIL,GALAXYSURF,GANESHBE,GARDEN,GARWARE,GESHIP,GHCL,GICRE,GILLETTE,GLAXO,GLENMARK,GLFL,GMDCLTD,GMMPFAUDLR,GNFC,GODFRYPHLP,GODREJAGRO,GODREJCP,GODREJIND,GOKEX,GOODRICKE,GOODYEAR,GPPL,GRANULES,GRAPHITE,GRASIM,GREAVESCOT,GRINDWELL,GSFC,GSPL,GUJALKALI,GUJGASLTD,GVT&D,HAL,HARRMALAYA,HATHWAY,HATSUN,HAVELLS,HCLTECH,HDFC,HDFCAMC,HDFCBANK,HDFCLIFE,HEALTHCARE,HEG,HEIDELBERG,HERBERTS,HERITGFOOD,HEROMOTOCO,HEXT,HIMACHAL,HIMATSEIDE,HINDALCO,HINDCOPPER,HINDPETRO,HINDSYNTEX,HINDUNILVR,HINDUSTAN,HINDZINC,HOGANAS,HONAUT,HSCL,HUBTOWN,IBREALEST,IBVENTURES,ICICI,ICICIBANK,ICICIGI,ICICIPRULI,ICRA,IDBI,IDFCFIRSTB,IFBIND,IFCI,IGL,IIFL,INDHOTEL,INDIACEM,INDIAGLYCO,INDIAMART,INDIANB,INDIGO,INDOCO,INDUSINDBK,INDUSTOWER,INFIBEAM,INFY,INGERRAND,INSILCO,INTELLECT,IOB,IOC,IONEXCHANG,IPCALAB,IPRINGS,IRCON,IRCTC,ISMT,ITC,ITDC,ITI,ITIETF,ITWSIGNO,JAGRAN,JAICORPLTD,JBCHEPHARM,JBMA,JGCHEM,JINDALPHOT,JINDALSAW,JINDALSTEL,JKCEMENT,JKPAPER,JKTYRE,JSL,JTEKTINDIA,JUBLFOOD,JUBLINGRY,KAJARIACER,KANSAINER,KARURVYSYA,KARUTURI,KEI,KINETIC,KMSUGAR,KNRCON,KOHINOOR,KOTAKBANK,KPEL,KPITTECH,KRBL,KRISHNA,KSB,KTKBANK,KUMARS,LALPATHLAB,LAOPALA,LAURUSLABS,LEMONTREE,LICHSGFIN,LINDEINDIA,LT,LTF,LTTS,LUPIN,LUXIND,M& M,M&M,MADURA,MAFATIND,MAHABANK,MAHSCOOTER,MAHSEAMLES,MALWA,MARICO,MARUTI,MASFIN,MASTEK,MATRIX,MCX,MERCK,MERIND,METROPOLIS,MFSL,MGL,MIDHANI,MODIXEROX,MOREPENLAB,MOTHERSON,MOTHERSUMI,MPHASIS,MRF,MRPL,NAGARFERT,NAHAR,NAHARPOLY,NAHARSPING,NAM-INDIA,NATCOPHARM,NATIONAL,NATIONALUM,NAVA,NAVINFLUOR,NCC,NESCO,NESTLEIND,NFL,NH,NIACL,NILKAMAL,NIRMA,NITCO,NLCINDIA,NMDC,NTPC,OFSS,OILCOUNTUB,OLECTRA,OMAXAUTO,OMAXE,ONELIFECAP,ONGC,ONIDA,ORIENTCEM,ORIENTELEC,PATANJALI,PATNI,PATSPIN,PCBL,PDMJEPAPER,PEL,PENTAFOUR,PENTAMEDIA,PERSISTENT,PETRONET,PFIZER,PGHL,PHIL,PHILIPS,PHOENIX,PIDILITIND,PNB,POLYCAB,POLYMED,POONAWALLA,PRAJIND,PREMIERENE,PRESTIGE,PSIDATA,PUNJABCHEM,PUNJTRACT,QUESS,RAASI,RAIN,RAJESHEXPO,RALLIS,RAMCOCEM,RATNAMANI,RAYMOND,RBLBANK,RCF,RECKITT,RECLTD,REIAGRO,RELAXO,RELIANCE,RELMEDIA,RITES,RPGTRANS,RSWM,RVNL,SAIL,SANGHI,SANOFI,SAREGAMA,SBICARD,SBILIFE,SCHAEFFLER,SCHENECT,SCHNEIDER,SCI,SCILAL,SEQUENT,SESASTERL,SESHAPAPER,SFL,SHAWWALLA,SHOPERSTOP,SHREECEM,SHRIRAMFIN,SHYAMTEL,SIEMENS,SIS,SJVN,SKFINDIA,SKSMICRO,SOLARINDS,SONATSOFTW,SOUTHBANK,SPARC,SPICEJET,SRF,STAR,STARCEMENT,STYROLUT,SUMICHEM,SUNDARMFIN,SUNDRMFAST,SUNPHARMA,SUPRAJIT,SUPREMEIND,SWSOLAR,SYMPHONY,SYNGENE,TAKE,TATACOMM,TATACONSUM,TATAELXSI,TATAINVEST,TATAMETAL,TATAMOTORS,TATAPOWER,TATASTEEL,TCIEXP,TCNSCLOTH,TCS,TEAMLEASE,THERMAX,THIRU,THYROCARE,TIINDIA,TIMETECHNO,TIMEX,TIMKEN,TITAN,TMCV,TORNTPHARM,TORNTPOWER,TRANSPEK,TRENT,TRIDENT,TTKPRESTIG,TVTODAY,UBL,UCALFUEL,UFLEX,UJJIVAN,ULTRACEMCO,UNIONBANK,UNOMINDA,URBANCO,VARROC,VARUN,VBL,VENKEYS,VESUVIUS,VISHAL,VMART,VOLTAS,VTL,WELENT,WESTLIFE,WIDIA,WIMCO,WINDMACH,WIPRO,WOCKPHARMA,WSI,WSTCSTPAPR,ZENSARTECH,ZYDUSWELL"
2020-09-30,Nifty500,"WSI,ROUTE,ROSSARI","PCJEWELLER,DHFL,IDEA","3MINDIA,AARTIIND,AAVAS,ABB,ABBOTINDIA,ABCAPITAL,ABREL,ACC,ADANIENSOL,ADANIPOWER,ADVENZYMES,AEGISLOG,AFFLE,AGCNETWO,AIAENG,AKZOINDIA,ALKEM,ALLCARGO,ALTOS,AMBALAL,AMBER,AMBUJACEM,APLAPOLLO,APOLLOHOSP,APOLLOTYRE,APPAPER,APPLE,ARVIND,ASHOKLEY,ASIANPAINT,ASTERDM,ASTRAZENCA,ATGL,ATUL,ATULAUTO,AUBANK,AVANTIFEED,AVERY,AXISBANK,BAJAJ,BAJAJ-AUTO,BAJAJHLDNG,BAJFINANCE,BALMLAWRIE,BALRAMCHIN,BANKBARODA,BASF,BATAINDIA,BAYERCROP,BBTC,BDL,BEL,BEML,BERGEPAINT,BHARATFORG,BHARTIARTL,BHEL,BI,BIOCON,BIRLACORPN,BLISSGVS,BLUEDART,BLUESTARCO,BOMDYEING,BOSCH-HCIL,BOSCHLTD,BPCL,BRIGADE,BRITANNIA,BSE,BSOFT,CABLE,CANBK,CANFINHOME,CAPLIN,CASTROLIND,CCL,CDSL,CEATLTD,CENTRALBK,CENTURYTEX,CERA,CESC,CGCL,CHAMBLFERT,CHEMINOR,CHENNPETRO,CHETTINAD,CHOLAFIN,CHOLAHLDNG,CIPLA,CMC,COALINDIA,COCHINSHIP,COFORGE,COLPAL,CONCOR,CONSOFINVT,COROMANDEL,CREDITACC,CRISIL,CROMPTON,CSBBANK,CUB,CUMMINSIND,CYBERTECH,DABUR,DALMIASUG,DBCORP,DBL,DCAL,DCLPOLYE,DCW,DEEPAKFERT,DEEPAKNTR,DHAMPURSUG,DICIND,DIGJAMLMTD,DISHTV,DLF,DMART,DRREDDY,DSQSOFTW,ECLERX,EICHERMOT,EIDPARRY,EIHOTEL,ELECON,ELGIEQUIP,ELGIRUBCO,ENDURANCE,ENERGY,ENGINERSIN,ERIS,ESABINDIA,ESCORTS,ESSAR,EXCELINDUS,EXIDEIND,FACT,FDC,FEDERALBNK,FINCABLES,FLUOROCHEM,FORTIS,FOSECOIND,FULFORD,GAEL,GAIL,GALAXYSURF,GANESHBE,GARDEN,GARWARE,GESHIP,GHCL,GICRE,GILLETTE,GLAXO,GLENMARK,GLFL,GMDCLTD,GMMPFAUDLR,GNFC,GODFRYPHLP,GODREJAGRO,GODREJCP,GODREJIND,GOKEX,GOODRICKE,GOODYEAR,GPPL,GRANULES,GRAPHITE,GRASIM,GREAVESCOT,GRINDWELL,GSFC,GSPL,GUJALKALI,GUJGASLTD,GVT&D,HAL,HARRMALAYA,HATHWAY,HATSUN,HAVELLS,HCLTECH,HDFC,HDFCAMC,HDFCBANK,HDFCLIFE,HEALTHCARE,HEG,HEIDELBERG,HERBERTS,HERITGFOOD,HEROMOTOCO,HEXT,HIMACHAL,HIMATSEIDE,HINDALCO,HINDCOPPER,HINDPETRO,HINDSYNTEX,HINDUNILVR,HINDUSTAN,HINDZINC,HOGANAS,HONAUT,HSCL,HUBTOWN,IBREALEST,IBVENTURES,ICICI,ICICIBANK,ICICIGI,ICICIPRULI,ICRA,IDBI,IDFCFIRSTB,IFBIND,IFCI,IGL,IIFL,INDHOTEL,INDIACEM,INDIAGLYCO,INDIAMART,INDIANB,INDIGO,INDOCO,INDUSINDBK,INDUSTOWER,INFIBEAM,INFY,INGERRAND,INSILCO,INTELLECT,IOB,IOC,IONEXCHANG,IPCALAB,IPRINGS,IRCON,IRCTC,ISMT,ITC,ITDC,ITI,ITIETF,ITWSIGNO,JAGRAN,JAICORPLTD,JBCHEPHARM,JBMA,JGCHEM,JINDALPHOT,JINDALSAW,JINDALSTEL,JKCEMENT,JKPAPER,JKTYRE,JSL,JUBLFOOD,JUBLINGRY,KAJARIACER,KANSAINER,KARURVYSYA,KARUTURI,KEI,KINETIC,KMSUGAR,KNRCON,KOHINOOR,KOTAKBANK,KPEL,KPITTECH,KRBL,KRISHNA,KSB,KTKBANK,KUMARS,LALPATHLAB,LAOPALA,LAURUSLABS,LEMONTREE,LICHSGFIN,LINDEINDIA,LT,LTF,LTTS,LUPIN,LUXIND,M& M,M&M,MADURA,MAFATIND,MAHABANK,MAHSCOOTER,MAHSEAMLES,MALWA,MARICO,MARUTI,MASFIN,MASTEK,MATRIX,MCX,MERCK,MERIND,METROPOLIS,MFSL,MGL,MIDHANI,MODIXEROX,MOREPENLAB,MOTHERSON,MOTHERSUMI,MPHASIS,MRF,MRPL,NAGARFERT,NAHAR,NAHARPOLY,NAHARSPING,NAM-INDIA,NATCOPHARM,NATIONAL,NATIONALUM,NAVA,NAVINFLUOR,NCC,NESCO,NESTLEIND,NFL,NH,NIACL,NILKAMAL,NIRMA,NITCO,NLCINDIA,NMDC,NTPC,OFSS,OILCOUNTUB,OLECTRA,OMAXAUTO,OMAXE,ONELIFECAP,ONGC,ONIDA,ORIENTCEM,ORIENTELEC,PATANJALI,PATNI,PATSPIN,PCBL,PDMJEPAPER,PEL,PENTAFOUR,PENTAMEDIA,PERSISTENT,PETRONET,PFIZER,PGHL,PHIL,PHILIPS,PHOENIX,PIDILITIND,PNB,POLYCAB,POLYMED,POONAWALLA,PRAJIND,PREMIERENE,PRESTIGE,PSIDATA,PUNJABCHEM,PUNJTRACT,QUESS,RAASI,RAIN,RAJESHEXPO,RALLIS,RAMCOCEM,RATNAMANI,RAYMOND,RBLBANK,RCF,RECKITT,RECLTD,REIAGRO,RELAXO,RELIANCE,RELMEDIA,RITES,ROSSARI,ROUTE,RPGTRANS,RSWM,RVNL,SAIL,SANGHI,SANOFI,SAREGAMA,SBICARD,SBILIFE,SCHAEFFLER,SCHENECT,SCHNEIDER,SCI,SCILAL,SEQUENT,SESASTERL,SESHAPAPER,SFL,SHAWWALLA,SHOPERSTOP,SHREECEM,SHRIRAMFIN,SHYAMTEL,SIEMENS,SIS,SJVN,SKFINDIA,SKSMICRO,SOLARINDS,SONATSOFTW,SOUTHBANK,SPARC,SPICEJET,SRF,STAR,STARCEMENT,STYROLUT,SUMICHEM,SUNDARMFIN,SUNDRMFAST,SUNPHARMA,SUPRAJIT,SUPREMEIND,SWSOLAR,SYMPHONY,SYNGENE,TAKE,TATACOMM,TATACONSUM,TATAELXSI,TATAINVEST,TATAMETAL,TATAMOTORS,TATAPOWER,TATASTEEL,TCIEXP,TCNSCLOTH,TCS,TEAMLEASE,THERMAX,THIRU,THYROCARE,TIINDIA,TIMETECHNO,TIMEX,TIMKEN,TITAN,TMCV,TORNTPHARM,TORNTPOWER,TRANSPEK,TRENT,TRIDENT,TTKPRESTIG,TVTODAY,UBL,UCALFUEL,UFLEX,UJJIVAN,ULTRACEMCO,UNIONBANK,UNOMINDA,URBANCO,VARROC,VARUN,VBL,VENKEYS,VESUVIUS,VISHAL,VMART,VOLTAS,VTL,WELENT,WESTLIFE,WIDIA,WIMCO,WINDMACH,WIPRO,WOCKPHARMA,WSI,WSTCSTPAPR,ZENSARTECH,ZYDUSWELL"
2021-03-31,Nifty500,"HAPPSTMNDS,BURGER,GLAND","RELIANCE,SDREAMS,WSI","3MINDIA,AARTIIND,AAVAS,ABB,ABBOTINDIA,ABCAPITAL,ABREL,ACC,ADANIENSOL,ADANIPOWER,ADVENZYMES,AEGISLOG,AFFLE,AGCNETWO,AIAENG,AKZOINDIA,ALKEM,ALLCARGO,ALTOS,AMBALAL,AMBER,AMBUJACEM,APLAPOLLO,APOLLOHOSP,APOLLOTYRE,APPAPER,APPLE,ARVIND,ASHOKLEY,ASIANPAINT,ASTERDM,ASTRAZENCA,ATGL,ATUL,ATULAUTO,AUBANK,AVANTIFEED,AVERY,AXISBANK,BAJAJ,BAJAJ-AUTO,BAJAJHLDNG,BAJFINANCE,BALMLAWRIE,BALRAMCHIN,BANKBARODA,BASF,BATAINDIA,BAYERCROP,BBTC,BDL,BEL,BEML,BERGEPAINT,BHARATFORG,BHARTIARTL,BHEL,BI,BIOCON,BIRLACORPN,BLISSGVS,BLUEDART,BLUESTARCO,BOMDYEING,BOSCH-HCIL,BOSCHLTD,BPCL,BRIGADE,BRITANNIA,BSE,BSOFT,BURGER,CABLE,CANBK,CANFINHOME,CAPLIN,CASTROLIND,CCL,CDSL,CEATLTD,CENTRALBK,CENTURYTEX,CERA,CESC,CGCL,CHAMBLFERT,CHEMINOR,CHENNPETRO,CHETTINAD,CHOLAFIN,CHOLAHLDNG,CIPLA,CMC,COALINDIA,COCHINSHIP,COFORGE,COLPAL,CONCOR,CONSOFINVT,COROMANDEL,CREDITACC,CRISIL,CROMPTON,CSBBANK,CUB,CUMMINSIND,CYBERTECH,DABUR,DALMIASUG,DBCORP,DBL,DCAL,DCLPOLYE,DCW,DEEPAKFERT,DEEPAKNTR,DHAMPURSUG,DICIND,DIGJAMLMTD,DISHTV,DLF,DMART,DRREDDY,DSQSOFTW,ECLERX,EICHERMOT,EIDPARRY,EIHOTEL,ELECON,ELGIEQUIP,ELGIRUBCO,ENDURANCE,ENERGY,ENGINERSIN,ERIS,ESABINDIA,ESCORTS,ESSAR,EXCELINDUS,EXIDEIND,FACT,FDC,FEDERALBNK,FINCABLES,FLUOROCHEM,FORTIS,FOSECOIND,FULFORD,GAEL,GAIL,GALAXYSURF,GANESHBE,GARDEN,GARWARE,GESHIP,GHCL,GICRE,GILLETTE,GLAND,GLAXO,GLENMARK,GLFL,GMDCLTD,GMMPFAUDLR,GNFC,GODFRYPHLP,GODREJAGRO,GODREJCP,GODREJIND,GOKEX,GOODRICKE,GOODYEAR,GPPL,GRANULES,GRAPHITE,GRASIM,GREAVESCOT,GRINDWELL,GSFC,GSPL,GUJALKALI,GUJGASLTD,GVT&D,HAL,HARRMALAYA,HATHWAY,HATSUN,HAVELLS,HCLTECH,HDFC,HDFCAMC,HDFCBANK,HDFCLIFE,HEALTHCARE,HEG,HEIDELBERG,HERBERTS,HERITGFOOD,HEROMOTOCO,HEXT,HIMACHAL,HIMATSEIDE,HINDALCO,HINDCOPPER,HINDPETRO,HINDSYNTEX,HINDUNILVR,HINDUSTAN,HINDZINC,HOGANAS,HONAUT,HSCL,HUBTOWN,IBREALEST,IBVENTURES,ICICI,ICICIBANK,ICICIGI,ICICIPRULI,ICRA,IDBI,IDFCFIRSTB,IFBIND,IFCI,IGL,IIFL,INDHOTEL,INDIACEM,INDIAGLYCO,INDIAMART,INDIANB,INDIGO,INDOCO,INDUSINDBK,INDUSTOWER,INFIBEAM,INFY,INGERRAND,INSILCO,INTELLECT,IOB,IOC,IONEXCHANG,IPCALAB,IPRINGS,IRCON,IRCTC,ISMT,ITC,ITDC,ITI,ITIETF,ITWSIGNO,JAGRAN,JAICORPLTD,JBCHEPHARM,JBMA,JGCHEM,JINDALPHOT,JINDALSAW,JINDALSTEL,JKCEMENT,JKPAPER,JKTYRE,JSL,JUBLFOOD,JUBLINGRY,KAJARIACER,KANSAINER,KARURVYSYA,KARUTURI,KEI,KINETIC,KMSUGAR,KNRCON,KOHINOOR,KOTAKBANK,KPEL,KPITTECH,KRBL,KRISHNA,KSB,KTKBANK,KUMARS,LALPATHLAB,LAOPALA,LAURUSLABS,LEMONTREE,LICHSGFIN,LINDEINDIA,LT,LTF,LTTS,LUPIN,LUXIND,M& M,M&M,MADURA,MAFATIND,MAHABANK,MAHSCOOTER,MAHSEAMLES,MALWA,MARICO,MARUTI,MASFIN,MASTEK,MATRIX,MCX,MERCK,MERIND,METROPOLIS,MFSL,MGL,MIDHANI,MODIXEROX,MOREPENLAB,MOTHERSON,MOTHERSUMI,MPHASIS,MRF,MRPL,NAGARFERT,NAHAR,NAHARPOLY,NAHARSPING,NAM-INDIA,NATCOPHARM,NATIONAL,NATIONALUM,NAVA,NAVINFLUOR,NCC,NESCO,NESTLEIND,NFL,NH,NIACL,NILKAMAL,NIRMA,NITCO,NLCINDIA,NMDC,NTPC,OFSS,OILCOUNTUB,OLECTRA,OMAXAUTO,OMAXE,ONELIFECAP,ONGC,ONIDA,ORIENTCEM,ORIENTELEC,PATANJALI,PATNI,PATSPIN,PCBL,PDMJEPAPER,PEL,PENTAFOUR,PENTAMEDIA,PERSISTENT,PETRONET,PFIZER,PGHL,PHIL,PHILIPS,PHOENIX,PIDILITIND,PNB,POLYCAB,POLYMED,POONAWALLA,PRAJIND,PREMIERENE,PRESTIGE,PSIDATA,PUNJABCHEM,PUNJTRACT,QUESS,RAASI,RAIN,RAJESHEXPO,RALLIS,RAMCOCEM,RATNAMANI,RAYMOND,RBLBANK,RCF,RECKITT,RECLTD,REIAGRO,RELAXO,RELMEDIA,RITES,ROSSARI,ROUTE,RPGTRANS,RSWM,RVNL,SAIL,SANGHI,SANOFI,SAREGAMA,SBICARD,SBILIFE,SCHAEFFLER,SCHENECT,SCHNEIDER,SCI,SCILAL,SEQUENT,SESASTERL,SESHAPAPER,SFL,SHAWWALLA,SHOPERSTOP,SHREECEM,SHRIRAMFIN,SHYAMTEL,SIEMENS,SIS,SJVN,SKFINDIA,SKSMICRO,SOLARINDS,SONATSOFTW,SOUTHBANK,SPARC,SPICEJET,SRF,STAR,STARCEMENT,STYROLUT,SUMICHEM,SUNDARMFIN,SUNDRMFAST,SUNPHARMA,SUPRAJIT,SUPREMEIND,SWSOLAR,SYMPHONY,SYNGENE,TAKE,TATACOMM,TATACONSUM,TATAELXSI,TATAINVEST,TATAMETAL,TATAMOTORS,TATAPOWER,TATASTEEL,TCIEXP,TCNSCLOTH,TCS,TEAMLEASE,THERMAX,THIRU,THYROCARE,TIINDIA,TIMETECHNO,TIMEX,TIMKEN,TITAN,TMCV,TORNTPHARM,TORNTPOWER,TRANSPEK,TRENT,TRIDENT,TTKPRESTIG,TVTODAY,UBL,UCALFUEL,UFLEX,UJJIVAN,ULTRACEMCO,UNIONBANK,UNOMINDA,URBANCO,VARROC,VARUN,VBL,VENKEYS,VESUVIUS,VISHAL,VMART,VOLTAS,VTL,WELENT,WESTLIFE,WIDIA,WIMCO,WINDMACH,WIPRO,WOCKPHARMA,WSTCSTPAPR,ZENSARTECH,ZYDUSWELL"
2021-09-30,Nifty500,"CARTRADE,DEVYANI,NUVOCO","SADBHAV,DBL,COXKINGS","3MINDIA,AARTIIND,AAVAS,ABB,ABBOTINDIA,ABCAPITAL,ABREL,ACC,ADANIENSOL,ADANIPOWER,ADVENZYMES,AEGISLOG,AFFLE,AGCNETWO,AIAENG,AKZOINDIA,ALKEM,ALLCARGO,ALTOS,AMBALAL,AMBER,AMBUJACEM,APLAPOLLO,APOLLOHOSP,APOLLOTYRE,APPAPER,APPLE,ARVIND,ASHOKLEY,ASIANPAINT,ASTERDM,ASTRAZENCA,ATGL,ATUL,ATULAUTO,AUBANK,AVANTIFEED,AVERY,AXISBANK,BAJAJ,BAJAJ-AUTO,BAJAJHLDNG,BAJFINANCE,BALMLAWRIE,BALRAMCHIN,BANKBARODA,BASF,BATAINDIA,BAYERCROP,BBTC,BDL,BEL,BEML,BERGEPAINT,BHARATFORG,BHARTIARTL,BHEL,BI,BIOCON,BIRLACORPN,BLISSGVS,BLUEDART,BLUESTARCO,BOMDYEING,BOSCH-HCIL,BOSCHLTD,BPCL,BRIGADE,BRITANNIA,BSE,BSOFT,CABLE,CANBK,CANFINHOME,CAPLIN,CARTRADE,CASTROLIND,CCL,CDSL,CEATLTD,CENTRALBK,CENTURYTEX,CERA,CESC,CGCL,CHAMBLFERT,CHEMINOR,CHENNPETRO,CHETTINAD,CHOLAFIN,CHOLAHLDNG,CIPLA,CMC,COALINDIA,COCHINSHIP,COFORGE,COLPAL,CONCOR,CONSOFINVT,COROMANDEL,CREDITACC,CRISIL,CROMPTON,CSBBANK,CUB,CUMMINSIND,CYBERTECH,DABUR,DALMIASUG,DBCORP,DCAL,DCLPOLYE,DCW,DEEPAKFERT,DEEPAKNTR,DEVYANI,DHAMPURSUG,DICIND,DIGJAMLMTD,DISHTV,DLF,DMART,DRREDDY,DSQSOFTW,ECLERX,EICHERMOT,EIDPARRY,EIHOTEL,ELECON,ELGIEQUIP,ELGIRUBCO,ENDURANCE,ENERGY,ENGINERSIN,ERIS,ESABINDIA,ESCORTS,ESSAR,EXCELINDUS,EXIDEIND,FACT,FDC,FEDERALBNK,FINCABLES,FLUOROCHEM,FORTIS,FOSECOIND,FULFORD,GAEL,GAIL,GALAXYSURF,GANESHBE,GARDEN,GARWARE,GESHIP,GHCL,GICRE,GILLETTE,GLAND,GLAXO,GLENMARK,GLFL,GMDCLTD,GMMPFAUDLR,GNFC,GODFRYPHLP,GODREJAGRO,GODREJCP,GODREJIND,GOKEX,GOODRICKE,GOODYEAR,GPPL,GRANULES,GRAPHITE,GRASIM,GREAVESCOT,GRINDWELL,GSFC,GSPL,GUJALKALI,GUJGASLTD,GVT&D,HAL,HARRMALAYA,HATHWAY,HATSUN,HAVELLS,HCLTECH,HDFC,HDFCAMC,HDFCBANK,HDFCLIFE,HEALTHCARE,HEG,HEIDELBERG,HERBERTS,HERITGFOOD,HEROMOTOCO,HEXT,HIMACHAL,HIMATSEIDE,HINDALCO,HINDCOPPER,HINDPETRO,HINDSYNTEX,HINDUNILVR,HINDUSTAN,HINDZINC,HOGANAS,HONAUT,HSCL,HUBTOWN,IBREALEST,IBVENTURES,ICICI,ICICIBANK,ICICIGI,ICICIPRULI,ICRA,IDBI,IDFCFIRSTB,IFBIND,IFCI,IGL,IIFL,INDHOTEL,INDIACEM,INDIAGLYCO,INDIAMART,INDIANB,INDIGO,INDOCO,INDUSINDBK,INDUSTOWER,INFIBEAM,INFY,INSILCO,INTELLECT,IOB,IOC,IONEXCHANG,IPCALAB,IPRINGS,IRCON,IRCTC,ISMT,ITC,ITDC,ITI,ITIETF,ITWSIGNO,JAGRAN,JAICORPLTD,JBCHEPHARM,JBMA,JGCHEM,JINDALPHOT,JINDALSAW,JINDALSTEL,JKCEMENT,JKPAPER,JKTYRE,JSL,JUBLFOOD,JUBLINGRY,KAJARIACER,KANSAINER,KARURVYSYA,KARUTURI,KEI,KINETIC,KMSUGAR,KNRCON,KOHINOOR,KOTAKBANK,KPEL,KPITTECH,KRBL,KRISHNA,KSB,KTKBANK,KUMARS,LALPATHLAB,LAOPALA,LAURUSLABS,LEMONTREE,LICHSGFIN,LINDEINDIA,LT,LTF,LTTS,LUPIN,LUXIND,M& M,M&M,MADURA,MAFATIND,MAHABANK,MAHSCOOTER,MAHSEAMLES,MALWA,MARICO,MARUTI,MASFIN,MASTEK,MATRIX,MCX,MERCK,MERIND,METROPOLIS,MFSL,MGL,MIDHANI,MODIXEROX,MOREPENLAB,MOTHERSON,MOTHERSUMI,MPHASIS,MRF,MRPL,NAGARFERT,NAHAR,NAHARPOLY,NAHARSPING,NAM-INDIA,NATCOPHARM,NATIONAL,NATIONALUM,NAVA,NAVINFLUOR,NCC,NESCO,NESTLEIND,NFL,NH,NIACL,NILKAMAL,NIRMA,NITCO,NLCINDIA,NMDC,NTPC,NUVOCO,OFSS,OILCOUNTUB,OLECTRA,OMAXAUTO,OMAXE,ONELIFECAP,ONGC,ONIDA,ORIENTCEM,ORIENTELEC,PATANJALI,PATNI,PATSPIN,PCBL,PDMJEPAPER,PEL,PENTAFOUR,PENTAMEDIA,PERSISTENT,PETRONET,PFIZER,PGHL,PHIL,PHILIPS,PHOENIX,PIDILITIND,PNB,POLYCAB,POLYMED,POONAWALLA,PRAJIND,PREMIERENE,PRESTIGE,PSIDATA,PUNJABCHEM,PUNJTRACT,QUESS,RAASI,RAIN,RAJESHEXPO,RALLIS,RAMCOCEM,RATNAMANI,RAYMOND,RBLBANK,RCF,RECKITT,RECLTD,REIAGRO,RELAXO,RELMEDIA,RITES,ROSSARI,ROUTE,RPGTRANS,RSWM,RVNL,SAIL,SANGHI,SANOFI,SAREGAMA,SBICARD,SBILIFE,SCHAEFFLER,SCHENECT,SCHNEIDER,SCI,SCILAL,SEQUENT,SESASTERL,SESHAPAPER,SFL,SHAWWALLA,SHOPERSTOP,SHREECEM,SHRIRAMFIN,SHYAMTEL,SIEMENS,SIS,SJVN,SKFINDIA,SKSMICRO,SOLARINDS,SONATSOFTW,SOUTHBANK,SPARC,SPICEJET,SRF,STAR,STARCEMENT,STYROLUT,SUMICHEM,SUNDARMFIN,SUNDRMFAST,SUNPHARMA,SUPRAJIT,SUPREMEIND,SWSOLAR,SYMPHONY,SYNGENE,TAKE,TATACOMM,TATACONSUM,TATAELXSI,TATAINVEST,TATAMETAL,TATAMOTORS,TATAPOWER,TATASTEEL,TCIEXP,TCNSCLOTH,TCS,TEAMLEASE,THERMAX,THIRU,THYROCARE,TIINDIA,TIMETECHNO,TIMEX,TIMKEN,TITAN,TMCV,TORNTPHARM,TORNTPOWER,TRANSPEK,TRENT,TRIDENT,TTKPRESTIG,TVTODAY,UBL,UCALFUEL,UFLEX,UJJIVAN,ULTRACEMCO,UNIONBANK,UNOMINDA,URBANCO,VARROC,VARUN,VBL,VENKEYS,VESUVIUS,VISHAL,VMART,VOLTAS,VTL,WELENT,WESTLIFE,WIDIA,WIMCO,WINDMACH,WIPRO,WOCKPHARMA,WSTCSTPAPR,ZENSARTECH,ZYDUSWELL"
2022-03-31,Nifty500,"MEDPLUS,DATAPATTNS,METROBRAND","RCOM,TECH,YESBANK","3MINDIA,AARTIIND,AAVAS,ABB,ABBOTINDIA,ABCAPITAL,ABREL,ACC,ADANIENSOL,ADANIPOWER,ADVENZYMES,AEGISLOG,AFFLE,AGCNETWO,AIAENG,AKZOINDIA,ALKEM,ALLCARGO,ALTOS,AMBALAL,AMBER,AMBUJACEM,APLAPOLLO,APOLLOHOSP,APOLLOTYRE,APPAPER,APPLE,ARVIND,ASHOKLEY,ASIANPAINT,ASTERDM,ASTRAZENCA,ATGL,ATUL,ATULAUTO,AUBANK,AVANTIFEED,AVERY,AXISBANK,BAJAJ,BAJAJ-AUTO,BAJAJHLDNG,BAJFINANCE,BALMLAWRIE,BALRAMCHIN,BANKBARODA,BASF,BATAINDIA,BAYERCROP,BBTC,BDL,BEL,BEML,BERGEPAINT,BHARATFORG,BHARTIARTL,BHEL,BI,BIOCON,BIRLACORPN,BLISSGVS,BLUEDART,BLUESTARCO,BOMDYEING,BOSCH-HCIL,BOSCHLTD,BPCL,BRIGADE,BRITANNIA,BSE,BSOFT,CABLE,CANBK,CANFINHOME,CAPLIN,CARTRADE,CASTROLIND,CCL,CDSL,CEATLTD,CENTRALBK,CENTURYTEX,CERA,CESC,CGCL,CHAMBLFERT,CHEMINOR,CHENNPETRO,CHETTINAD,CHOLAFIN,CHOLAHLDNG,CIPLA,CMC,COALINDIA,COCHINSHIP,COFORGE,COLPAL,CONCOR,CONSOFINVT,COROMANDEL,CREDITACC,CRISIL,CROMPTON,CSBBANK,CUB,CUMMINSIND,CYBERTECH,DABUR,DALMIASUG,DATAPATTNS,DBCORP,DCAL,DCLPOLYE,DCW,DEEPAKFERT,DEEPAKNTR,DEVYANI,DHAMPURSUG,DICIND,DIGJAMLMTD,DISHTV,DLF,DMART,DRREDDY,DSQSOFTW,ECLERX,EICHERMOT,EIDPARRY,EIHOTEL,ELECON,ELGIEQUIP,ELGIRUBCO,ENDURANCE,ENERGY,ENGINERSIN,ERIS,ESABINDIA,ESCORTS,ESSAR,EXCELINDUS,EXIDEIND,FACT,FDC,FEDERALBNK,FINCABLES,FLUOROCHEM,FORTIS,FOSECOIND,FULFORD,GAEL,GAIL,GALAXYSURF,GANESHBE,GARDEN,GESHIP,GHCL,GICRE,GILLETTE,GLAND,GLAXO,GLENMARK,GLFL,GMDCLTD,GMMPFAUDLR,GNFC,GODFRYPHLP,GODREJAGRO,GODREJCP,GODREJIND,GOKEX,GOODRICKE,GOODYEAR,GPPL,GRANULES,GRAPHITE,GRASIM,GREAVESCOT,GRINDWELL,GSFC,GSPL,GUJALKALI,GUJGASLTD,GVT&D,HAL,HARRMALAYA,HATHWAY,HATSUN,HAVELLS,HCLTECH,HDFC,HDFCAMC,HDFCBANK,HDFCLIFE,HEALTHCARE,HEG,HEIDELBERG,HERBERTS,HERITGFOOD,HEROMOTOCO,HEXT,HIMACHAL,HIMATSEIDE,HINDALCO,HINDCOPPER,HINDPETRO,HINDSYNTEX,HINDUNILVR,HINDUSTAN,HINDZINC,HOGANAS,HONAUT,HSCL,HUBTOWN,IBREALEST,IBVENTURES,ICICI,ICICIBANK,ICICIGI,ICICIPRULI,ICRA,IDBI,IDFCFIRSTB,IFBIND,IFCI,IGL,IIFL,INDHOTEL,INDIACEM,INDIAGLYCO,INDIAMART,INDIANB,INDIGO,INDOCO,INDUSINDBK,INDUSTOWER,INFIBEAM,INFY,INSILCO,INTELLECT,IOB,IOC,IONEXCHANG,IPCALAB,IPRINGS,IRCON,IRCTC,ISMT,ITC,ITDC,ITI,ITIETF,ITWSIGNO,JAGRAN,JAICORPLTD,JBCHEPHARM,JBMA,JGCHEM,JINDALPHOT,JINDALSAW,JINDALSTEL,JKCEMENT,JKPAPER,JKTYRE,JSL,JUBLFOOD,JUBLINGRY,KAJARIACER,KANSAINER,KARURVYSYA,KARUTURI,KEI,KINETIC,KMSUGAR,KNRCON,KOHINOOR,KOTAKBANK,KPEL,KPITTECH,KRBL,KRISHNA,KSB,KTKBANK,KUMARS,LALPATHLAB,LAOPALA,LAURUSLABS,LEMONTREE,LICHSGFIN,LINDEINDIA,LT,LTF,LTTS,LUPIN,LUXIND,M& M,M&M,MADURA,MAFATIND,MAHABANK,MAHSCOOTER,MAHSEAMLES,MARICO,MARUTI,MASFIN,MASTEK,MATRIX,MCX,MEDPLUS,MERCK,MERIND,METROBRAND,METROPOLIS,MFSL,MGL,MIDHANI,MODIXEROX,MOREPENLAB,MOTHERSON,MOTHERSUMI,MPHASIS,MRF,MRPL,NAGARFERT,NAHAR,NAHARPOLY,NAHARSPING,NAM-INDIA,NATCOPHARM,NATIONAL,NATIONALUM,NAVA,NAVINFLUOR,NCC,NESCO,NESTLEIND,NFL,NH,NIACL,NILKAMAL,NIRMA,NITCO,NLCINDIA,NMDC,NTPC,NUVOCO,OFSS,OILCOUNTUB,OLECTRA,OMAXAUTO,OMAXE,ONELIFECAP,ONGC,ONIDA,ORIENTCEM,ORIENTELEC,PATANJALI,PATNI,PATSPIN,PCBL,PDMJEPAPER,PEL,PENTAFOUR,PENTAMEDIA,PERSISTENT,PETRONET,PFIZER,PGHL,PHIL,PHILIPS,PHOENIX,PIDILITIND,PNB,POLYCAB,POLYMED,POONAWALLA,PRAJIND,PREMIERENE,PRESTIGE,PSIDATA,PUNJABCHEM,PUNJTRACT,QUESS,RAASI,RAIN,RAJESHEXPO,RALLIS,RAMCOCEM,RATNAMANI,RAYMOND,RBLBANK,RCF,RECKITT,RECLTD,REIAGRO,RELAXO,RELMEDIA,RITES,ROSSARI,ROUTE,RPGTRANS,RSWM,RVNL,SAIL,SANGHI,SANOFI,SAREGAMA,SBICARD,SBILIFE,SCHAEFFLER,SCHENECT,SCHNEIDER,SCI,SCILAL,SESASTERL,SESHAPAPER,SFL,SHAWWALLA,SHOPERSTOP,SHREECEM,SHRIRAMFIN,SHYAMTEL,SIEMENS,SIS,SJVN,SKFINDIA,SKSMICRO,SOLARINDS,SONATSOFTW,SOUTHBANK,SPARC,SPICEJET,SRF,STAR,STARCEMENT,STYROLUT,SUMICHEM,SUNDARMFIN,SUNDRMFAST,SUNPHARMA,SUPRAJIT,SUPREMEIND,SWSOLAR,SYMPHONY,SYNGENE,TAKE,TATACOMM,TATACONSUM,TATAELXSI,TATAINVEST,TATAMETAL,TATAMOTORS,TATAPOWER,TATASTEEL,TCIEXP,TCNSCLOTH,TCS,TEAMLEASE,THERMAX,THIRU,THYROCARE,TIINDIA,TIMETECHNO,TIMEX,TIMKEN,TITAN,TMCV,TORNTPHARM,TORNTPOWER,TRANSPEK,TRENT,TRIDENT,TTKPRESTIG,TVTODAY,UBL,UCALFUEL,UFLEX,UJJIVAN,ULTRACEMCO,UNIONBANK,UNOMINDA,URBANCO,VARROC,VARUN,VBL,VENKEYS,VESUVIUS,VISHAL,VMART,VOLTAS,VTL,WELENT,WESTLIFE,WIDIA,WIMCO,WINDMACH,WIPRO,WOCKPHARMA,WSTCSTPAPR,ZENSARTECH,ZYDUSWELL"
2022-09-30,Nifty500,"WSI,PRUDENT,SYRMA","FUTURE,SPANDANA,DISHTV","3MINDIA,AARTIIND,AAVAS,ABB,ABBOTINDIA,ABCAPITAL,ABREL,ACC,ADANIENSOL,ADANIPOWER,ADVENZYMES,AEGISLOG,AFFLE,AGCNETWO,AIAENG,AKZOINDIA,ALKEM,ALLCARGO,ALTOS,AMBALAL,AMBER,AMBUJACEM,APLAPOLLO,APOLLOHOSP,APOLLOTYRE,APPAPER,APPLE,ARVIND,ASHOKLEY,ASIANPAINT,ASTERDM,ASTRAZENCA,ATGL,ATUL,ATULAUTO,AUBANK,AVANTIFEED,AVERY,AXISBANK,BAJAJ,BAJAJ-AUTO,BAJAJHLDNG,BAJFINANCE,BALMLAWRIE,BALRAMCHIN,BANKBARODA,BASF,BATAINDIA,BAYERCROP,BBTC,BDL,BEL,BEML,BERGEPAINT,BHARATFORG,BHARTIARTL,BHEL,BI,BIOCON,BIRLACORPN,BLISSGVS,BLUEDART,BLUESTARCO,BOMDYEING,BOSCH-HCIL,BOSCHLTD,BPCL,BRIGADE,BRITANNIA,BSE,BSOFT,CABLE,CANBK,CANFINHOME,CAPLIN,CARTRADE,CASTROLIND,CCL,CDSL,CEATLTD,CENTRALBK,CENTURYTEX,CERA,CESC,CGCL,CHAMBLFERT,CHEMINOR,CHENNPETRO,CHETTINAD,CHOLAFIN,CHOLAHLDNG,CIPLA,CMC,COALINDIA,COCHINSHIP,COFORGE,COLPAL,CONCOR,CONSOFINVT,COROMANDEL,CREDITACC,CRISIL,CROMPTON,CSBBANK,CUB,CUMMINSIND,CYBERTECH,DABUR,DALMIASUG,DATAPATTNS,DBCORP,DCAL,DCLPOLYE,DCW,DEEPAKFERT,DEEPAKNTR,DEVYANI,DHAMPURSUG,DICIND,DIGJAMLMTD,DLF,DMART,DRREDDY,DSQSOFTW,ECLERX,EICHERMOT,EIDPARRY,EIHOTEL,ELECON,ELGIEQUIP,ELGIRUBCO,ENDURANCE,ENERGY,ENGINERSIN,ERIS,ESABINDIA,ESCORTS,ESSAR,EXCELINDUS,EXIDEIND,FACT,FDC,FEDERALBNK,FINCABLES,FLUOROCHEM,FORTIS,FOSECOIND,FULFORD,GAEL,GAIL,GALAXYSURF,GANESHBE,GARDEN,GESHIP,GHCL,GICRE,GILLETTE,GLAND,GLAXO,GLENMARK,GLFL,GMDCLTD,GMMPFAUDLR,GNFC,GODFRYPHLP,GODREJAGRO,GODREJCP,GODREJIND,GOKEX,GOODRICKE,GOODYEAR,GPPL,GRANULES,GRAPHITE,GRASIM,GREAVESCOT,GRINDWELL,GSFC,GSPL,GUJALKALI,GUJGASLTD,GVT&D,HAL,HARRMALAYA,HATHWAY,HATSUN,HAVELLS,HCLTECH,HDFC,HDFCAMC,HDFCBANK,HDFCLIFE,HEALTHCARE,HEG,HEIDELBERG,HERBERTS,HERITGFOOD,HEROMOTOCO,HEXT,HIMACHAL,HIMATSEIDE,HINDALCO,HINDCOPPER,HINDPETRO,HINDSYNTEX,HINDUNILVR,HINDUSTAN,HINDZINC,HOGANAS,HONAUT,HSCL,HUBTOWN,IBREALEST,IBVENTURES,ICICI,ICICIBANK,ICICIGI,ICICIPRULI,ICRA,IDBI,IDFCFIRSTB,IFBIND,IFCI,IGL,IIFL,INDHOTEL,INDIACEM,INDIAGLYCO,INDIAMART,INDIANB,INDIGO,INDOCO,INDUSINDBK,INDUSTOWER,INFIBEAM,INFY,INTELLECT,IOB,IOC,IONEXCHANG,IPCALAB,IPRINGS,IRCON,IRCTC,ISMT,ITC,ITDC,ITI,ITIETF,ITWSIGNO,JAGRAN,JAICORPLTD,JBCHEPHARM,JBMA,JGCHEM,JINDALPHOT,JINDALSAW,JINDALSTEL,JKCEMENT,JKPAPER,JKTYRE,JSL,JUBLFOOD,JUBLINGRY,KAJARIACER,KANSAINER,KARURVYSYA,KARUTURI,KEI,KINETIC,KMSUGAR,KNRCON,KOHINOOR,KOTAKBANK,KPEL,KPITTECH,KRBL,KRISHNA,KSB,KTKBANK,KUMARS,LALPATHLAB,LAOPALA,LAURUSLABS,LEMONTREE,LICHSGFIN,LINDEINDIA,LT,LTF,LTTS,LUPIN,LUXIND,M& M,M&M,MADURA,MAFATIND,MAHABANK,MAHSCOOTER,MAHSEAMLES,MARICO,MARUTI,MASFIN,MASTEK,MATRIX,MCX,MEDPLUS,MERCK,MERIND,METROBRAND,METROPOLIS,MFSL,MGL,MIDHANI,MODIXEROX,MOREPENLAB,MOTHERSON,MOTHERSUMI,MPHASIS,MRF,MRPL,NAGARFERT,NAHAR,NAHARPOLY,NAHARSPING,NAM-INDIA,NATCOPHARM,NATIONAL,NATIONALUM,NAVA,NAVINFLUOR,NCC,NESCO,NESTLEIND,NFL,NH,NIACL,NILKAMAL,NIRMA,NITCO,NLCINDIA,NMDC,NTPC,NUVOCO,OFSS,OILCOUNTUB,OLECTRA,OMAXAUTO,OMAXE,ONELIFECAP,ONGC,ONIDA,ORIENTCEM,ORIENTELEC,PATANJALI,PATNI,PATSPIN,PCBL,PDMJEPAPER,PEL,PENTAFOUR,PENTAMEDIA,PERSISTENT,PETRONET,PFIZER,PGHL,PHIL,PHILIPS,PHOENIX,PIDILITIND,PNB,POLYCAB,POLYMED,POONAWALLA,PRAJIND,PREMIERENE,PRESTIGE,PRUDENT,PSIDATA,PUNJABCHEM,PUNJTRACT,QUESS,RAASI,RAIN,RAJESHEXPO,RALLIS,RAMCOCEM,RATNAMANI,RAYMOND,RBLBANK,RCF,RECKITT,RECLTD,REIAGRO,RELAXO,RELMEDIA,RITES,ROUTE,RPGTRANS,RSWM,RVNL,SAIL,SANGHI,SANOFI,SAREGAMA,SBICARD,SBILIFE,SCHAEFFLER,SCHENECT,SCHNEIDER,SCI,SCILAL,SESASTERL,SESHAPAPER,SFL,SHAWWALLA,SHOPERSTOP,SHREECEM,SHRIRAMFIN,SHYAMTEL,SIEMENS,SIS,SJVN,SKFINDIA,SKSMICRO,SOLARINDS,SONATSOFTW,SOUTHBANK,SPARC,SPICEJET,SRF,STAR,STARCEMENT,STYROLUT,SUMICHEM,SUNDARMFIN,SUNDRMFAST,SUNPHARMA,SUPRAJIT,SUPREMEIND,SWSOLAR,SYMPHONY,SYNGENE,SYRMA,TAKE,TATACOMM,TATACONSUM,TATAELXSI,TATAINVEST,TATAMETAL,TATAMOTORS,TATAPOWER,TATASTEEL,TCIEXP,TCNSCLOTH,TCS,TEAMLEASE,THERMAX,THIRU,THYROCARE,TIINDIA,TIMETECHNO,TIMEX,TIMKEN,TITAN,TMCV,TORNTPHARM,TORNTPOWER,TRANSPEK,TRENT,TRIDENT,TTKPRESTIG,TVTODAY,UBL,UCALFUEL,UFLEX,UJJIVAN,ULTRACEMCO,UNIONBANK,UNOMINDA,URBANCO,VARROC,VARUN,VBL,VENKEYS,VESUVIUS,VISHAL,VMART,VOLTAS,VTL,WELENT,WESTLIFE,WIDIA,WIMCO,WINDMACH,WIPRO,WOCKPHARMA,WSI,WSTCSTPAPR,ZENSARTECH,ZYDUSWELL"
2023-03-31,Nifty500,"ZTECH,LANDMARK,SULA","PCJEWELLER,BCG,DHANI","3MINDIA,AARTIIND,AAVAS,ABB,ABBOTINDIA,ABCAPITAL,ABREL,ACC,ADANIENSOL,ADANIPOWER,ADVENZYMES,AEGISLOG,AFFLE,AGCNETWO,AIAENG,AKZOINDIA,ALKEM,ALLCARGO,ALTOS,AMBALAL,AMBER,AMBUJACEM,APLAPOLLO,APOLLOHOSP,APOLLOTYRE,APPAPER,APPLE,ARVIND,ASHOKLEY,ASIANPAINT,ASTERDM,ASTRAZENCA,ATGL,ATUL,ATULAUTO,AUBANK,AVANTIFEED,AVERY,AXISBANK,BAJAJ,BAJAJ-AUTO,BAJAJHLDNG,BAJFINANCE,BALMLAWRIE,BALRAMCHIN,BANKBARODA,BASF,BATAINDIA,BAYERCROP,BBTC,BDL,BEL,BEML,BERGEPAINT,BHARATFORG,BHARTIARTL,BHEL,BI,BIOCON,BIRLACORPN,BLISSGVS,BLUEDART,BLUESTARCO,BOMDYEING,BOSCH-HCIL,BOSCHLTD,BPCL,BRIGADE,BRITANNIA,BSE,BSOFT,CABLE,CANBK,CANFINHOME,CAPLIN,CARTRADE,CASTROLIND,CCL,CDSL,CEATLTD,CENTRALBK,CENTURYTEX,CERA,CESC,CGCL,CHAMBLFERT,CHEMINOR,CHENNPETRO,CHETTINAD,CHOLAFIN,CHOLAHLDNG,CIPLA,CMC,COALINDIA,COCHINSHIP,COFORGE,COLPAL,CONCOR,CONSOFINVT,COROMANDEL,CREDITACC,CRISIL,CROMPTON,CSBBANK,CUB,CUMMINSIND,CYBERTECH,DABUR,DALMIASUG,DATAPATTNS,DBCORP,DCAL,DCLPOLYE,DCW,DEEPAKFERT,DEEPAKNTR,DEVYANI,DHAMPURSUG,DICIND,DIGJAMLMTD,DLF,DMART,DRREDDY,DSQSOFTW,ECLERX,EICHERMOT,EIDPARRY,EIHOTEL,ELECON,ELGIEQUIP,ELGIRUBCO,ENDURANCE,ENERGY,ENGINERSIN,ERIS,ESABINDIA,ESCORTS,ESSAR,EXCELINDUS,EXIDEIND,FACT,FDC,FEDERALBNK,FINCABLES,FLUOROCHEM,FORTIS,FOSECOIND,FULFORD,GAEL,GAIL,GALAXYSURF,GANESHBE,GARDEN,GESHIP,GHCL,GICRE,GILLETTE,GLAND,GLAXO,GLENMARK,GMDCLTD,GMMPFAUDLR,GNFC,GODFRYPHLP,GODREJAGRO,GODREJCP,GODREJIND,GOKEX,GOODRICKE,GOODYEAR,GPPL,GRANULES,GRAPHITE,GRASIM,GREAVESCOT,GRINDWELL,GSFC,GSPL,GUJALKALI,GUJGASLTD,GVT&D,HAL,HARRMALAYA,HATHWAY,HATSUN,HAVELLS,HCLTECH,HDFC,HDFCAMC,HDFCBANK,HDFCLIFE,HEALTHCARE,HEG,HEIDELBERG,HERBERTS,HERITGFOOD,HEROMOTOCO,HEXT,HIMACHAL,HIMATSEIDE,HINDALCO,HINDCOPPER,HINDPETRO,HINDSYNTEX,HINDUNILVR,HINDUSTAN,HINDZINC,HOGANAS,HONAUT,HSCL,HUBTOWN,IBREALEST,IBVENTURES,ICICI,ICICIBANK,ICICIGI,ICICIPRULI,ICRA,IDBI,IDFCFIRSTB,IFBIND,IFCI,IGL,IIFL,INDHOTEL,INDIACEM,INDIAGLYCO,INDIAMART,INDIANB,INDIGO,INDOCO,INDUSINDBK,INDUSTOWER,INFIBEAM,INFY,INTELLECT,IOB,IOC,IONEXCHANG,IPCALAB,IPRINGS,IRCON,IRCTC,ISMT,ITC,ITDC,ITI,ITIETF,ITWSIGNO,JAGRAN,JAICORPLTD,JBCHEPHARM,JBMA,JGCHEM,JINDALPHOT,JINDALSAW,JINDALSTEL,JKCEMENT,JKPAPER,JKTYRE,JSL,JUBLFOOD,JUBLINGRY,KAJARIACER,KANSAINER,KARURVYSYA,KARUTURI,KEI,KINETIC,KMSUGAR,KNRCON,KOHINOOR,KOTAKBANK,KPEL,KPITTECH,KRBL,KRISHNA,KSB,KTKBANK,KUMARS,LALPATHLAB,LANDMARK,LAOPALA,LAURUSLABS,LEMONTREE,LICHSGFIN,LINDEINDIA,LT,LTF,LTTS,LUPIN,LUXIND,M& M,M&M,MADURA,MAFATIND,MAHABANK,MAHSCOOTER,MAHSEAMLES,MARICO,MARUTI,MASFIN,MASTEK,MATRIX,MCX,MEDPLUS,MERCK,MERIND,METROBRAND,METROPOLIS,MFSL,MGL,MIDHANI,MODIXEROX,MOREPENLAB,MOTHERSON,MPHASIS,MRF,MRPL,NAGARFERT,NAHAR,NAHARPOLY,NAHARSPING,NAM-INDIA,NATCOPHARM,NATIONAL,NATIONALUM,NAVA,NAVINFLUOR,NCC,NESCO,NESTLEIND,NFL,NH,NIACL,NILKAMAL,NIRMA,NITCO,NLCINDIA,NMDC,NTPC,NUVOCO,OFSS,OILCOUNTUB,OLECTRA,OMAXAUTO,OMAXE,ONELIFECAP,ONGC,ONIDA,ORIENTCEM,ORIENTELEC,PATANJALI,PATNI,PATSPIN,PCBL,PDMJEPAPER,PEL,PENTAFOUR,PENTAMEDIA,PERSISTENT,PETRONET,PFIZER,PGHL,PHIL,PHILIPS,PHOENIX,PIDILITIND,PNB,POLYCAB,POLYMED,POONAWALLA,PRAJIND,PREMIERENE,PRESTIGE,PRUDENT,PSIDATA,PUNJABCHEM,PUNJTRACT,QUESS,RAASI,RAIN,RAJESHEXPO,RALLIS,RAMCOCEM,RATNAMANI,RAYMOND,RBLBANK,RCF,RECKITT,RECLTD,REIAGRO,RELAXO,RELMEDIA,RITES,ROUTE,RPGTRANS,RSWM,RVNL,SAIL,SANGHI,SANOFI,SAREGAMA,SBICARD,SBILIFE,SCHAEFFLER,SCHENECT,SCHNEIDER,SCI,SCILAL,SESASTERL,SESHAPAPER,SFL,SHAWWALLA,SHOPERSTOP,SHREECEM,SHRIRAMFIN,SHYAMTEL,SIEMENS,SIS,SJVN,SKFINDIA,SKSMICRO,SOLARINDS,SONATSOFTW,SOUTHBANK,SPARC,SPICEJET,SRF,STAR,STARCEMENT,STYROLUT,SULA,SUMICHEM,SUNDARMFIN,SUNDRMFAST,SUNPHARMA,SUPRAJIT,SUPREMEIND,SWSOLAR,SYMPHONY,SYNGENE,SYRMA,TAKE,TATACOMM,TATACONSUM,TATAELXSI,TATAINVEST,TATAMETAL,TATAMOTORS,TATAPOWER,TATASTEEL,TCIEXP,TCNSCLOTH,TCS,TEAMLEASE,THERMAX,THIRU,THYROCARE,TIINDIA,TIMETECHNO,TIMEX,TIMKEN,TITAN,TMCV,TORNTPHARM,TORNTPOWER,TRANSPEK,TRENT,TRIDENT,TTKPRESTIG,TVTODAY,UBL,UCALFUEL,UFLEX,UJJIVAN,ULTRACEMCO,UNIONBANK,UNOMINDA,URBANCO,VARROC,VARUN,VBL,VENKEYS,VESUVIUS,VISHAL,VMART,VOLTAS,VTL,WELENT,WESTLIFE,WIDIA,WIMCO,WINDMACH,WIPRO,WOCKPHARMA,WSI,WSTCSTPAPR,ZENSARTECH,ZYDUSWELL"
2023-09-30,Nifty500,"UTKARSHBNK,NETWEB,IDEAFORGE","LUXIND,IBULLSLTD,RELIANCE","3MINDIA,AARTIIND,AAVAS,ABB,ABBOTINDIA,ABCAPITAL,ABREL,ACC,ADANIENSOL,ADANIPOWER,ADVENZYMES,AEGISLOG,AFFLE,AGCNETWO,AIAENG,AKZOINDIA,ALKEM,ALLCARGO,ALTOS,AMBALAL,AMBER,AMBUJACEM,APLAPOLLO,APOLLOHOSP,APOLLOTYRE,APPAPER,APPLE,ARVIND,ASHOKLEY,ASIANPAINT,ASTERDM,ASTRAZENCA,ATGL,ATUL,ATULAUTO,AUBANK,AVANTIFEED,AVERY,AXISBANK,BAJAJ,BAJAJ-AUTO,BAJAJHLDNG,BAJFINANCE,BALMLAWRIE,BALRAMCHIN,BANKBARODA,BASF,BATAINDIA,BAYERCROP,BBTC,BDL,BEL,BEML,BERGEPAINT,BHARATFORG,BHARTIARTL,BHEL,BI,BIOCON,BIRLACORPN,BLISSGVS,BLUEDART,BLUESTARCO,BOMDYEING,BOSCH-HCIL,BOSCHLTD,BPCL,BRIGADE,BRITANNIA,BSE,BSOFT,CABLE,CANBK,CANFINHOME,CAPLIN,CARTRADE,CASTROLIND,CCL,CDSL,CEATLTD,CENTRALBK,CENTURYTEX,CERA,CESC,CGCL,CHAMBLFERT,CHEMINOR,CHENNPETRO,CHETTINAD,CHOLAFIN,CHOLAHLDNG,CIPLA,CMC,COALINDIA,COCHINSHIP,COFORGE,COLPAL,CONCOR,CONSOFINVT,COROMANDEL,CREDITACC,CRISIL,CROMPTON,CSBBANK,CUB,CUMMINSIND,CYBERTECH,DABUR,DALMIASUG,DATAPATTNS,DBCORP,DCAL,DCLPOLYE,DCW,DEEPAKFERT,DEEPAKNTR,DEVYANI,DHAMPURSUG,DICIND,DIGJAMLMTD,DLF,DMART,DRREDDY,DSQSOFTW,ECLERX,EICHERMOT,EIDPARRY,EIHOTEL,ELECON,ELGIEQUIP,ELGIRUBCO,ENDURANCE,ENERGY,ENGINERSIN,ERIS,ESABINDIA,ESCORTS,ESSAR,EXCELINDUS,EXIDEIND,FACT,FDC,FEDERALBNK,FINCABLES,FLUOROCHEM,FORTIS,FOSECOIND,FULFORD,GAEL,GAIL,GALAXYSURF,GANESHBE,GARDEN,GESHIP,GHCL,GICRE,GILLETTE,GLAND,GLAXO,GLENMARK,GMDCLTD,GMMPFAUDLR,GNFC,GODFRYPHLP,GODREJAGRO,GODREJCP,GODREJIND,GOKEX,GOODRICKE,GOODYEAR,GPPL,GRANULES,GRAPHITE,GRASIM,GREAVESCOT,GRINDWELL,GSFC,GSPL,GUJALKALI,GUJGASLTD,GVT&D,HAL,HARRMALAYA,HATHWAY,HATSUN,HAVELLS,HCLTECH,HDFC,HDFCAMC,HDFCBANK,HDFCLIFE,HEALTHCARE,HEG,HEIDELBERG,HERBERTS,HERITGFOOD,HEROMOTOCO,HEXT,HIMACHAL,HIMATSEIDE,HINDALCO,HINDCOPPER,HINDPETRO,HINDSYNTEX,HINDUNILVR,HINDUSTAN,HINDZINC,HOGANAS,HONAUT,HSCL,HUBTOWN,IBREALEST,IBVENTURES,ICICI,ICICIBANK,ICICIGI,ICICIPRULI,ICRA,IDBI,IDFCFIRSTB,IFBIND,IFCI,IGL,IIFL,INDHOTEL,INDIACEM,INDIAGLYCO,INDIAMART,INDIANB,INDIGO,INDOCO,INDUSINDBK,INDUSTOWER,INFIBEAM,INFY,INTELLECT,IOB,IOC,IONEXCHANG,IPCALAB,IPRINGS,IRCON,IRCTC,ISMT,ITC,ITDC,ITI,ITIETF,ITWSIGNO,JAGRAN,JAICORPLTD,JBCHEPHARM,JBMA,JGCHEM,JINDALPHOT,JINDALSAW,JINDALSTEL,JKCEMENT,JKPAPER,JKTYRE,JSL,JUBLFOOD,JUBLINGRY,KAJARIACER,KANSAINER,KARURVYSYA,KARUTURI,KEI,KINETIC,KMSUGAR,KNRCON,KOHINOOR,KOTAKBANK,KPEL,KPITTECH,KRBL,KRISHNA,KSB,KTKBANK,KUMARS,LALPATHLAB,LANDMARK,LAOPALA,LAURUSLABS,LEMONTREE,LICHSGFIN,LINDEINDIA,LT,LTF,LTTS,LUPIN,M& M,M&M,MADURA,MAFATIND,MAHABANK,MAHSCOOTER,MAHSEAMLES,MARICO,MARUTI,MASFIN,MASTEK,MATRIX,MCX,MEDPLUS,MERCK,MERIND,METROBRAND,METROPOLIS,MFSL,MGL,MIDHANI,MODIXEROX,MOREPENLAB,MOTHERSON,MPHASIS,MRF,MRPL,NAGARFERT,NAHAR,NAHARPOLY,NAHARSPING,NAM-INDIA,NATCOPHARM,NATIONAL,NATIONALUM,NAVA,NAVINFLUOR,NCC,NESCO,NESTLEIND,NETWEB,NFL,NH,NIACL,NILKAMAL,NIRMA,NITCO,NLCINDIA,NMDC,NTPC,NUVOCO,OFSS,OILCOUNTUB,OLECTRA,OMAXAUTO,OMAXE,ONELIFECAP,ONGC,ONIDA,ORIENTCEM,ORIENTELEC,PATANJALI,PATNI,PATSPIN,PCBL,PDMJEPAPER,PEL,PENTAFOUR,PENTAMEDIA,PERSISTENT,PETRONET,PFIZER,PGHL,PHILIPS,PHOENIX,PIDILITIND,PNB,POLYCAB,POLYMED,POONAWALLA,PRAJIND,PREMIERENE,PRESTIGE,PRUDENT,PSIDATA,PUNJABCHEM,PUNJTRACT,QUESS,RAASI,RAIN,RAJESHEXPO,RALLIS,RAMCOCEM,RATNAMANI,RAYMOND,RBLBANK,RCF,RECKITT,RECLTD,REIAGRO,RELAXO,RELMEDIA,RITES,ROUTE,RPGTRANS,RSWM,RVNL,SAIL,SANGHI,SANOFI,SAREGAMA,SBICARD,SBILIFE,SCHAEFFLER,SCHENECT,SCHNEIDER,SCI,SCILAL,SESASTERL,SESHAPAPER,SFL,SHAWWALLA,SHOPERSTOP,SHREECEM,SHRIRAMFIN,SHYAMTEL,SIEMENS,SIS,SJVN,SKFINDIA,SKSMICRO,SOLARINDS,SONATSOFTW,SOUTHBANK,SPARC,SPICEJET,SRF,STAR,STARCEMENT,STYROLUT,SULA,SUMICHEM,SUNDARMFIN,SUNDRMFAST,SUNPHARMA,SUPRAJIT,SUPREMEIND,SWSOLAR,SYMPHONY,SYNGENE,SYRMA,TAKE,TATACOMM,TATACONSUM,TATAELXSI,TATAINVEST,TATAMETAL,TATAMOTORS,TATAPOWER,TATASTEEL,TCIEXP,TCNSCLOTH,TCS,TEAMLEASE,THERMAX,THIRU,THYROCARE,TIINDIA,TIMETECHNO,TIMEX,TIMKEN,TITAN,TMCV,TORNTPHARM,TORNTPOWER,TRANSPEK,TRENT,TRIDENT,TTKPRESTIG,TVTODAY,UBL,UCALFUEL,UFLEX,UJJIVAN,ULTRACEMCO,UNIONBANK,UNOMINDA,URBANCO,UTKARSHBNK,VARROC,VARUN,VBL,VENKEYS,VESUVIUS,VISHAL,VMART,VOLTAS,VTL,WELENT,WESTLIFE,WIDIA,WIMCO,WINDMACH,WIPRO,WOCKPHARMA,WSI,WSTCSTPAPR,ZENSARTECH,ZYDUSWELL"
2024-03-31,Nifty500,"AZAD,CELLO,HONASA","TATVA,POLYPLEX,FINEORG","3MINDIA,AARTIIND,AAVAS,ABB,ABBOTINDIA,ABCAPITAL,ABREL,ACC,ADANIENSOL,ADANIPOWER,ADVENZYMES,AEGISLOG,AFFLE,AGCNETWO,AIAENG,AKZOINDIA,ALKEM,ALLCARGO,ALTOS,AMBALAL,AMBER,AMBUJACEM,APLAPOLLO,APOLLOHOSP,APOLLOTYRE,APPAPER,APPLE,ARVIND,ASHOKLEY,ASIANPAINT,ASTERDM,ASTRAZENCA,ATGL,ATUL,ATULAUTO,AUBANK,AVANTIFEED,AVERY,AXISBANK,AZAD,BAJAJ,BAJAJ-AUTO,BAJAJHLDNG,BAJFINANCE,BALMLAWRIE,BALRAMCHIN,BANKBARODA,BASF,BATAINDIA,BAYERCROP,BBTC,BDL,BEL,BEML,BERGEPAINT,BHARATFORG,BHARTIARTL,BHEL,BI,BIOCON,BIRLACORPN,BLISSGVS,BLUEDART,BLUESTARCO,BOMDYEING,BOSCH-HCIL,BOSCHLTD,BPCL,BRIGADE,BRITANNIA,BSE,BSOFT,CABLE,CANBK,CANFINHOME,CAPLIN,CARTRADE,CASTROLIND,CCL,CDSL,CEATLTD,CENTRALBK,CENTURYTEX,CERA,CESC,CGCL,CHAMBLFERT,CHEMINOR,CHENNPETRO,CHETTINAD,CHOLAFIN,CHOLAHLDNG,CIPLA,CMC,COALINDIA,COCHINSHIP,COFORGE,COLPAL,CONCOR,CONSOFINVT,COROMANDEL,CREDITACC,CRISIL,CROMPTON,CSBBANK,CUB,CUMMINSIND,CYBERTECH,DABUR,DALMIASUG,DATAPATTNS,DBCORP,DCAL,DCLPOLYE,DCW,DEEPAKFERT,DEEPAKNTR,DEVYANI,DHAMPURSUG,DICIND,DIGJAMLMTD,DLF,DMART,DRREDDY,DSQSOFTW,ECLERX,EICHERMOT,EIDPARRY,EIHOTEL,ELECON,ELGIEQUIP,ELGIRUBCO,ENDURANCE,ENERGY,ENGINERSIN,ERIS,ESABINDIA,ESCORTS,ESSAR,EXCELINDUS,EXIDEIND,FACT,FDC,FEDERALBNK,FINCABLES,FLUOROCHEM,FORTIS,FOSECOIND,FULFORD,GAEL,GAIL,GALAXYSURF,GANESHBE,GARDEN,GESHIP,GHCL,GICRE,GILLETTE,GLAND,GLAXO,GLENMARK,GMDCLTD,GMMPFAUDLR,GNFC,GODFRYPHLP,GODREJAGRO,GODREJCP,GODREJIND,GOKEX,GOODRICKE,GOODYEAR,GPPL,GRANULES,GRAPHITE,GRASIM,GREAVESCOT,GRINDWELL,GSFC,GSPL,GUJALKALI,GUJGASLTD,GVT&D,HAL,HARRMALAYA,HATHWAY,HATSUN,HAVELLS,HCLTECH,HDFC,HDFCAMC,HDFCBANK,HDFCLIFE,HEALTHCARE,HEG,HEIDELBERG,HERBERTS,HERITGFOOD,HEROMOTOCO,HEXT,HIMACHAL,HIMATSEIDE,HINDALCO,HINDCOPPER,HINDPETRO,HINDSYNTEX,HINDUNILVR,HINDZINC,HOGANAS,HONASA,HONAUT,HSCL,HUBTOWN,IBREALEST,IBVENTURES,ICICI,ICICIBANK,ICICIGI,ICICIPRULI,ICRA,IDBI,IDFCFIRSTB,IFBIND,IFCI,IGL,IIFL,INDHOTEL,INDIACEM,INDIAGLYCO,INDIAMART,INDIANB,INDIGO,INDOCO,INDUSINDBK,INDUSTOWER,INFIBEAM,INFY,INTELLECT,IOB,IOC,IONEXCHANG,IPCALAB,IPRINGS,IRCON,IRCTC,ISMT,ITC,ITDC,ITI,ITIETF,ITWSIGNO,JAGRAN,JAICORPLTD,JBCHEPHARM,JBMA,JGCHEM,JINDALPHOT,JINDALSAW,JINDALSTEL,JKCEMENT,JKPAPER,JKTYRE,JSL,JUBLFOOD,JUBLINGRY,KAJARIACER,KANSAINER,KARURVYSYA,KARUTURI,KEI,KINETIC,KMSUGAR,KNRCON,KOHINOOR,KOTAKBANK,KPEL,KPITTECH,KRBL,KRISHNA,KSB,KTKBANK,KUMARS,LALPATHLAB,LANDMARK,LAOPALA,LAURUSLABS,LEMONTREE,LICHSGFIN,LINDEINDIA,LT,LTF,LTTS,LUPIN,M& M,M&M,MADURA,MAFATIND,MAHABANK,MAHSCOOTER,MAHSEAMLES,MARICO,MARUTI,MASFIN,MASTEK,MATRIX,MCX,MEDPLUS,MERCK,MERIND,METROBRAND,METROPOLIS,MFSL,MGL,MIDHANI,MODIXEROX,MOREPENLAB,MOTHERSON,MPHASIS,MRF,MRPL,NAGARFERT,NAHARPOLY,NAHARSPING,NAM-INDIA,NATCOPHARM,NATIONAL,NATIONALUM,NAVA,NAVINFLUOR,NCC,NESCO,NESTLEIND,NETWEB,NFL,NH,NIACL,NILKAMAL,NIRMA,NITCO,NLCINDIA,NMDC,NTPC,NUVOCO,OFSS,OILCOUNTUB,OLECTRA,OMAXAUTO,OMAXE,ONELIFECAP,ONGC,ONIDA,ORIENTCEM,ORIENTELEC,PATANJALI,PATNI,PATSPIN,PCBL,PDMJEPAPER,PEL,PENTAFOUR,PENTAMEDIA,PERSISTENT,PETRONET,PFIZER,PGHL,PHILIPS,PHOENIX,PIDILITIND,PNB,POLYCAB,POLYMED,POONAWALLA,PRAJIND,PREMIERENE,PRESTIGE,PRUDENT,PSIDATA,PUNJABCHEM,PUNJTRACT,QUESS,RAASI,RAIN,RAJESHEXPO,RALLIS,RAMCOCEM,RATNAMANI,RAYMOND,RBLBANK,RCF,RECKITT,RECLTD,REIAGRO,RELAXO,RELMEDIA,RITES,ROUTE,RPGTRANS,RSWM,RVNL,SAIL,SANGHI,SANOFI,SAREGAMA,SBICARD,SBILIFE,SCHAEFFLER,SCHENECT,SCHNEIDER,SCI,SCILAL,SESASTERL,SESHAPAPER,SFL,SHAWWALLA,SHOPERSTOP,SHREECEM,SHRIRAMFIN,SHYAMTEL,SIEMENS,SIS,SJVN,SKFINDIA,SKSMICRO,SOLARINDS,SONATSOFTW,SOUTHBANK,SPARC,SPICEJET,SRF,STAR,STARCEMENT,STYROLUT,SULA,SUMICHEM,SUNDARMFIN,SUNDRMFAST,SUNPHARMA,SUPRAJIT,SUPREMEIND,SWSOLAR,SYMPHONY,SYNGENE,SYRMA,TAKE,TATACOMM,TATACONSUM,TATAELXSI,TATAINVEST,TATAMETAL,TATAMOTORS,TATAPOWER,TATASTEEL,TCIEXP,TCNSCLOTH,TCS,TEAMLEASE,THERMAX,THIRU,THYROCARE,TIINDIA,TIMETECHNO,TIMEX,TIMKEN,TITAN,TMCV,TORNTPHARM,TORNTPOWER,TRANSPEK,TRENT,TRIDENT,TTKPRESTIG,TVTODAY,UBL,UCALFUEL,UFLEX,UJJIVAN,ULTRACEMCO,UNIONBANK,UNOMINDA,URBANCO,UTKARSHBNK,VARROC,VARUN,VBL,VENKEYS,VESUVIUS,VISHAL,VMART,VOLTAS,VTL,WELENT,WESTLIFE,WIDIA,WIMCO,WINDMACH,WIPRO,WOCKPHARMA,WSI,WSTCSTPAPR,ZENSARTECH,ZYDUSWELL"
2024-09-30,Nifty500,"OLAELEC,PREMIER,AWFIS","KRBL,NETWORK18,HGS","3MINDIA,AARTIIND,AAVAS,ABB,ABBOTINDIA,ABCAPITAL,ABREL,ACC,ADANIENSOL,ADANIPOWER,ADVENZYMES,AEGISLOG,AFFLE,AGCNETWO,AIAENG,AKZOINDIA,ALKEM,ALLCARGO,ALTOS,AMBALAL,AMBER,AMBUJACEM,APLAPOLLO,APOLLOHOSP,APOLLOTYRE,APPAPER,APPLE,ARVIND,ASHOKLEY,ASIANPAINT,ASTERDM,ASTRAZENCA,ATGL,ATUL,ATULAUTO,AUBANK,AVANTIFEED,AVERY,AWFIS,AXISBANK,AZAD,BAJAJ,BAJAJ-AUTO,BAJAJHLDNG,BAJFINANCE,BALMLAWRIE,BALRAMCHIN,BANKBARODA,BASF,BATAINDIA,BAYERCROP,BBTC,BDL,BEL,BEML,BERGEPAINT,BHARATFORG,BHARTIARTL,BHEL,BI,BIOCON,BIRLACORPN,BLISSGVS,BLUEDART,BLUESTARCO,BOMDYEING,BOSCH-HCIL,BOSCHLTD,BPCL,BRIGADE,BRITANNIA,BSE,BSOFT,CABLE,CANBK,CANFINHOME,CAPLIN,CARTRADE,CASTROLIND,CCL,CDSL,CEATLTD,CENTRALBK,CENTURYTEX,CERA,CESC,CGCL,CHAMBLFERT,CHEMINOR,CHENNPETRO,CHETTINAD,CHOLAFIN,CHOLAHLDNG,CIPLA,CMC,COALINDIA,COCHINSHIP,COFORGE,COLPAL,CONCOR,CONSOFINVT,COROMANDEL,CREDITACC,CRISIL,CROMPTON,CSBBANK,CUB,CUMMINSIND,CYBERTECH,DABUR,DALMIASUG,DATAPATTNS,DBCORP,DCAL,DCLPOLYE,DCW,DEEPAKFERT,DEEPAKNTR,DEVYANI,DHAMPURSUG,DICIND,DIGJAMLMTD,DLF,DMART,DRREDDY,DSQSOFTW,ECLERX,EICHERMOT,EIDPARRY,EIHOTEL,ELECON,ELGIEQUIP,ELGIRUBCO,ENDURANCE,ENERGY,ENGINERSIN,ERIS,ESABINDIA,ESCORTS,ESSAR,EXCELINDUS,EXIDEIND,FACT,FDC,FEDERALBNK,FINCABLES,FLUOROCHEM,FORTIS,FOSECOIND,FULFORD,GAEL,GAIL,GALAXYSURF,GANESHBE,GARDEN,GESHIP,GHCL,GICRE,GILLETTE,GLAND,GLAXO,GLENMARK,GMDCLTD,GMMPFAUDLR,GNFC,GODFRYPHLP,GODREJAGRO,GODREJCP,GODREJIND,GOKEX,GOODRICKE,GOODYEAR,GPPL,GRANULES,GRAPHITE,GRASIM,GREAVESCOT,GRINDWELL,GSFC,GSPL,GUJALKALI,GUJGASLTD,GVT&D,HAL,HARRMALAYA,HATHWAY,HATSUN,HAVELLS,HCLTECH,HDFC,HDFCAMC,HDFCBANK,HDFCLIFE,HEALTHCARE,HEG,HEIDELBERG,HERBERTS,HERITGFOOD,HEROMOTOCO,HEXT,HIMACHAL,HIMATSEIDE,HINDALCO,HINDCOPPER,HINDPETRO,HINDSYNTEX,HINDUNILVR,HINDZINC,HOGANAS,HONASA,HONAUT,HSCL,HUBTOWN,IBREALEST,IBVENTURES,ICICI,ICICIBANK,ICICIGI,ICICIPRULI,ICRA,IDBI,IDFCFIRSTB,IFBIND,IFCI,IGL,IIFL,INDHOTEL,INDIACEM,INDIAGLYCO,INDIAMART,INDIANB,INDIGO,INDOCO,INDUSINDBK,INDUSTOWER,INFIBEAM,INFY,INTELLECT,IOB,IOC,IONEXCHANG,IPCALAB,IPRINGS,IRCON,IRCTC,ISMT,ITC,ITDC,ITI,ITIETF,ITWSIGNO,JAGRAN,JAICORPLTD,JBCHEPHARM,JBMA,JGCHEM,JINDALPHOT,JINDALSAW,JINDALSTEL,JKCEMENT,JKPAPER,JKTYRE,JSL,JUBLFOOD,JUBLINGRY,KAJARIACER,KANSAINER,KARURVYSYA,KARUTURI,KEI,KINETIC,KMSUGAR,KNRCON,KOHINOOR,KOTAKBANK,KPEL,KPITTECH,KRISHNA,KSB,KTKBANK,KUMARS,LALPATHLAB,LANDMARK,LAOPALA,LAURUSLABS,LEMONTREE,LICHSGFIN,LINDEINDIA,LT,LTF,LTTS,LUPIN,M& M,M&M,MADURA,MAFATIND,MAHABANK,MAHSCOOTER,MAHSEAMLES,MARICO,MARUTI,MASFIN,MASTEK,MATRIX,MCX,MEDPLUS,MERCK,MERIND,METROBRAND,METROPOLIS,MFSL,MGL,MIDHANI,MODIXEROX,MOREPENLAB,MOTHERSON,MPHASIS,MRF,MRPL,NAGARFERT,NAHARPOLY,NAHARSPING,NAM-INDIA,NATCOPHARM,NATIONAL,NATIONALUM,NAVA,NAVINFLUOR,NCC,NESCO,NESTLEIND,NETWEB,NFL,NH,NIACL,NILKAMAL,NIRMA,NITCO,NLCINDIA,NMDC,NTPC,NUVOCO,OFSS,OILCOUNTUB,OLAELEC,OLECTRA,OMAXAUTO,OMAXE,ONELIFECAP,ONGC,ONIDA,ORIENTCEM,ORIENTELEC,PATANJALI,PATNI,PATSPIN,PCBL,PDMJEPAPER,PEL,PENTAFOUR,PENTAMEDIA,PERSISTENT,PETRONET,PFIZER,PGHL,PHILIPS,PHOENIX,PIDILITIND,PNB,POLYCAB,POLYMED,POONAWALLA,PRAJIND,PREMIERENE,PRESTIGE,PRUDENT,PSIDATA,PUNJABCHEM,PUNJTRACT,QUESS,RAASI,RAIN,RAJESHEXPO,RALLIS,RAMCOCEM,RATNAMANI,RAYMOND,RBLBANK,RCF,RECKITT,RECLTD,REIAGRO,RELAXO,RELMEDIA,RITES,ROUTE,RPGTRANS,RSWM,RVNL,SAIL,SANGHI,SANOFI,SAREGAMA,SBICARD,SBILIFE,SCHAEFFLER,SCHENECT,SCHNEIDER,SCI,SCILAL,SESASTERL,SESHAPAPER,SFL,SHOPERSTOP,SHREECEM,SHRIRAMFIN,SHYAMTEL,SIEMENS,SIS,SJVN,SKFINDIA,SKSMICRO,SOLARINDS,SONATSOFTW,SOUTHBANK,SPARC,SPICEJET,SRF,STAR,STARCEMENT,STYROLUT,SULA,SUMICHEM,SUNDARMFIN,SUNDRMFAST,SUNPHARMA,SUPRAJIT,SUPREMEIND,SWSOLAR,SYMPHONY,SYNGENE,SYRMA,TAKE,TATACOMM,TATACONSUM,TATAELXSI,TATAINVEST,TATAMETAL,TATAMOTORS,TATAPOWER,TATASTEEL,TCIEXP,TCNSCLOTH,TCS,TEAMLEASE,THERMAX,THIRU,THYROCARE,TIINDIA,TIMETECHNO,TIMEX,TIMKEN,TITAN,TMCV,TORNTPHARM,TORNTPOWER,TRANSPEK,TRENT,TRIDENT,TTKPRESTIG,TVTODAY,UBL,UCALFUEL,UFLEX,UJJIVAN,ULTRACEMCO,UNIONBANK,UNOMINDA,URBANCO,UTKARSHBNK,VARROC,VARUN,VBL,VENKEYS,VESUVIUS,VISHAL,VMART,VOLTAS,VTL,WELENT,WESTLIFE,WIDIA,WIMCO,WINDMACH,WIPRO,WOCKPHARMA,WSI,WSTCSTPAPR,ZENSARTECH,ZYDUSWELL"
2025-03-31,Nifty500,"AFCONS,SWIGGY,NTPC","WSI,BALAMINES,DELTACORP","3MINDIA,AARTIIND,AAVAS,ABB,ABBOTINDIA,ABCAPITAL,ABREL,ACC,ADANIENSOL,ADANIPOWER,ADVENZYMES,AEGISLOG,AFCONS,AFFLE,AGCNETWO,AIAENG,AKZOINDIA,ALKEM,ALLCARGO,ALTOS,AMBALAL,AMBER,AMBUJACEM,APLAPOLLO,APOLLOHOSP,APOLLOTYRE,APPAPER,APPLE,ARVIND,ASHOKLEY,ASIANPAINT,ASTERDM,ASTRAZENCA,ATGL,ATUL,ATULAUTO,AUBANK,AVANTIFEED,AVERY,AWFIS,AXISBANK,AZAD,BAJAJ,BAJAJ-AUTO,BAJAJHLDNG,BAJFINANCE,BALMLAWRIE,BALRAMCHIN,BANKBARODA,BASF,BATAINDIA,BAYERCROP,BBTC,BDL,BEL,BEML,BERGEPAINT,BHARATFORG,BHARTIARTL,BHEL,BI,BIOCON,BIRLACORPN,BLISSGVS,BLUEDART,BLUESTARCO,BOMDYEING,BOSCH-HCIL,BOSCHLTD,BPCL,BRIGADE,BRITANNIA,BSE,BSOFT,CABLE,CANBK,CANFINHOME,CAPLIN,CARTRADE,CASTROLIND,CCL,CDSL,CEATLTD,CENTRALBK,CENTURYTEX,CERA,CESC,CGCL,CHAMBLFERT,CHEMINOR,CHENNPETRO,CHETTINAD,CHOLAFIN,CHOLAHLDNG,CIPLA,CMC,COALINDIA,COCHINSHIP,COFORGE,COLPAL,CONCOR,CONSOFINVT,COROMANDEL,CREDITACC,CRISIL,CROMPTON,CSBBANK,CUB,CUMMINSIND,CYBERTECH,DABUR,DALMIASUG,DATAPATTNS,DBCORP,DCAL,DCLPOLYE,DCW,DEEPAKFERT,DEEPAKNTR,DEVYANI,DHAMPURSUG,DICIND,DIGJAMLMTD,DLF,DMART,DRREDDY,DSQSOFTW,ECLERX,EICHERMOT,EIDPARRY,EIHOTEL,ELECON,ELGIEQUIP,ELGIRUBCO,ENDURANCE,ENERGY,ENGINERSIN,ERIS,ESABINDIA,ESCORTS,ESSAR,EXCELINDUS,EXIDEIND,FACT,FDC,FEDERALBNK,FINCABLES,FLUOROCHEM,FORTIS,FOSECOIND,FULFORD,GAEL,GAIL,GALAXYSURF,GANESHBE,GARDEN,GESHIP,GHCL,GICRE,GILLETTE,GLAND,GLAXO,GLENMARK,GMDCLTD,GMMPFAUDLR,GNFC,GODFRYPHLP,GODREJAGRO,GODREJCP,GODREJIND,GOKEX,GOODRICKE,GOODYEAR,GPPL,GRANULES,GRAPHITE,GRASIM,GREAVESCOT,GRINDWELL,GSFC,GSPL,GUJALKALI,GUJGASLTD,GVT&D,HAL,HARRMALAYA,HATHWAY,HATSUN,HAVELLS,HCLTECH,HDFC,HDFCAMC,HDFCBANK,HDFCLIFE,HEALTHCARE,HEG,HEIDELBERG,HERBERTS,HERITGFOOD,HEROMOTOCO,HEXT,HIMACHAL,HIMATSEIDE,HINDALCO,HINDCOPPER,HINDPETRO,HINDSYNTEX,HINDUNILVR,HINDZINC,HOGANAS,HONASA,HONAUT,HSCL,HUBTOWN,IBREALEST,IBVENTURES,ICICI,ICICIBANK,ICICIGI,ICICIPRULI,ICRA,IDBI,IDFCFIRSTB,IFBIND,IFCI,IGL,IIFL,INDHOTEL,INDIACEM,INDIAGLYCO,INDIAMART,INDIANB,INDIGO,INDOCO,INDUSINDBK,INDUSTOWER,INFIBEAM,INFY,INTELLECT,IOB,IOC,IONEXCHANG,IPCALAB,IPRINGS,IRCON,IRCTC,ISMT,ITC,ITDC,ITI,ITIETF,ITWSIGNO,JAGRAN,JAICORPLTD,JBCHEPHARM,JBMA,JGCHEM,JINDALPHOT,JINDALSAW,JINDALSTEL,JKCEMENT,JKPAPER,JKTYRE,JSL,JUBLFOOD,JUBLINGRY,KAJARIACER,KANSAINER,KARURVYSYA,KARUTURI,KEI,KINETIC,KMSUGAR,KNRCON,KOHINOOR,KOTAKBANK,KPEL,KPITTECH,KRISHNA,KSB,KTKBANK,KUMARS,LALPATHLAB,LANDMARK,LAOPALA,LAURUSLABS,LEMONTREE,LICHSGFIN,LINDEINDIA,LT,LTF,LTTS,LUPIN,M& M,M&M,MADURA,MAFATIND,MAHABANK,MAHSCOOTER,MAHSEAMLES,MARICO,MARUTI,MASFIN,MASTEK,MATRIX,MCX,MEDPLUS,MERCK,MERIND,METROBRAND,METROPOLIS,MFSL,MGL,MIDHANI,MODIXEROX,MOREPENLAB,MOTHERSON,MPHASIS,MRF,MRPL,NAGARFERT,NAHARPOLY,NAHARSPING,NAM-INDIA,NATCOPHARM,NATIONAL,NATIONALUM,NAVA,NAVINFLUOR,NCC,NESCO,NESTLEIND,NETWEB,NFL,NH,NIACL,NILKAMAL,NIRMA,NITCO,NLCINDIA,NMDC,NTPC,NUVOCO,OFSS,OILCOUNTUB,OLAELEC,OLECTRA,OMAXAUTO,OMAXE,ONELIFECAP,ONGC,ONIDA,ORIENTCEM,ORIENTELEC,PATANJALI,PATNI,PATSPIN,PCBL,PDMJEPAPER,PEL,PENTAFOUR,PENTAMEDIA,PERSISTENT,PETRONET,PFIZER,PGHL,PHILIPS,PHOENIX,PIDILITIND,PNB,POLYCAB,POLYMED,POONAWALLA,PRAJIND,PREMIERENE,PRESTIGE,PRUDENT,PSIDATA,PUNJABCHEM,PUNJTRACT,QUESS,RAASI,RAIN,RAJESHEXPO,RALLIS,RAMCOCEM,RATNAMANI,RAYMOND,RBLBANK,RCF,RECKITT,RECLTD,REIAGRO,RELAXO,RELMEDIA,RITES,ROUTE,RPGTRANS,RSWM,RVNL,SAIL,SANGHI,SANOFI,SAREGAMA,SBICARD,SBILIFE,SCHAEFFLER,SCHENECT,SCHNEIDER,SCI,SCILAL,SESASTERL,SESHAPAPER,SFL,SHOPERSTOP,SHREECEM,SHRIRAMFIN,SHYAMTEL,SIEMENS,SIS,SJVN,SKFINDIA,SKSMICRO,SOLARINDS,SONATSOFTW,SOUTHBANK,SPARC,SPICEJET,SRF,STAR,STARCEMENT,STYROLUT,SULA,SUMICHEM,SUNDARMFIN,SUNDRMFAST,SUNPHARMA,SUPRAJIT,SUPREMEIND,SWIGGY,SWSOLAR,SYMPHONY,SYNGENE,SYRMA,TAKE,TATACOMM,TATACONSUM,TATAELXSI,TATAINVEST,TATAMETAL,TATAMOTORS,TATAPOWER,TATASTEEL,TCIEXP,TCS,TEAMLEASE,THERMAX,THIRU,THYROCARE,TIINDIA,TIMETECHNO,TIMEX,TIMKEN,TITAN,TMCV,TORNTPHARM,TORNTPOWER,TRANSPEK,TRENT,TRIDENT,TTKPRESTIG,TVTODAY,UBL,UCALFUEL,UFLEX,UJJIVAN,ULTRACEMCO,UNIONBANK,UNOMINDA,URBANCO,UTKARSHBNK,VARROC,VARUN,VBL,VENKEYS,VESUVIUS,VISHAL,VMART,VOLTAS,VTL,WELENT,WESTLIFE,WIDIA,WIMCO,WINDMACH,WIPRO,WOCKPHARMA,WSTCSTPAPR,ZENSARTECH,ZYDUSWELL"